Applicant_ID,Age,Annual_Income,CIBIL_Score,Debt,Years_Employed,Prior_Default,Payment_Status
APP_1000,56,554420.0,649,288058.0,0.4,No,1
APP_1001,69,210585.0,595,70645.0,15.8,No,0
APP_1002,46,852301.0,557,433384.0,34.0,No,0
APP_1003,32,451726.0,380,195234.0,13.8,No,X
APP_1004,60,514421.0,567,166915.0,1.4,No,X
APP_1005,25,441532.0,718,1563.0,29.8,No,C
APP_1006,38,410444.0,534,174391.0,32.1,Yes,2
APP_1007,56,549074.0,610,212145.0,6.4,No,X
APP_1008,36,255916.0,656,86599.0,21.5,No,C
APP_1009,40,270362.0,512,113075.0,7.7,No,X
APP_1010,28,1070527.0,873,302003.0,28.8,No,X
APP_1011,28,1494410.0,348,578704.0,10.9,No,C
APP_1012,41,390286.0,426,200742.0,12.6,No,5
APP_1013,70,322079.0,522,66571.0,33.8,No,C
APP_1014,53,644770.0,578,251117.0,19.1,No,0
APP_1015,57,416470.0,707,108960.0,26.8,No,C
APP_1016,41,191571.0,804,71058.0,16.1,No,0
APP_1017,20,256403.0,593,107584.0,11.9,No,0
APP_1018,39,746407.0,576,18659.0,25.0,No,C
APP_1019,70,664042.0,737,236154.0,6.2,No,C
APP_1020,19,192361.0,406,23989.0,14.9,Yes,0
APP_1021,41,292947.0,719,107956.0,8.4,No,C
APP_1022,61,298243.0,728,76822.0,27.8,No,C
APP_1023,47,681487.0,674,289941.0,37.8,No,C
APP_1024,55,188958.0,372,12825.0,39.8,No,1
APP_1025,19,229471.0,329,79048.0,18.0,No,0
APP_1026,38,904058.0,487,138465.0,10.1,No,0
APP_1027,50,268505.0,663,125966.0,17.7,No,0
APP_1028,29,655965.0,750,334943.0,33.9,Yes,5
APP_1029,39,302422.0,494,165733.0,8.2,No,2
APP_1030,61,227133.0,455,99440.0,38.1,No,C
APP_1031,42,305379.0,471,126596.0,13.7,No,1
APP_1032,66,756493.0,340,89664.0,39.4,No,C
APP_1033,44,1051126.0,362,194252.0,33.5,No,C
APP_1034,59,977963.0,322,250481.0,32.3,No,1
APP_1035,45,407764.0,659,173446.0,12.7,Yes,0
APP_1036,33,676295.0,374,340333.0,0.4,No,C
APP_1037,32,283227.0,859,29463.0,15.3,No,C
APP_1038,64,336120.0,417,170514.0,12.1,No,0
APP_1039,68,1199969.0,679,459101.0,1.5,No,C
APP_1040,61,185889.0,589,62445.0,20.2,No,0
APP_1041,72,220224.0,739,24205.0,16.1,Yes,1
APP_1042,69,284873.0,306,8700.0,25.4,No,0
APP_1043,74,192101.0,495,60061.0,24.8,No,C
APP_1044,20,270091.0,720,96783.0,4.8,No,X
APP_1045,54,573646.0,867,66503.0,39.1,Yes,0
APP_1046,68,426234.0,492,130449.0,7.5,No,C
APP_1047,24,1184338.0,858,557908.0,17.8,No,C
APP_1048,38,945313.0,447,434169.0,19.5,No,0
APP_1049,26,368223.0,501,187810.0,32.5,No,0
APP_1050,56,315147.0,743,63419.0,4.0,No,C
APP_1051,35,394893.0,718,69078.0,17.1,No,X
APP_1052,21,581543.0,726,239703.0,25.1,No,X
APP_1053,42,320428.0,778,75977.0,8.6,No,X
APP_1054,31,620353.0,774,29871.0,25.1,No,C
APP_1055,67,416986.0,425,64858.0,36.9,No,C
APP_1056,26,541380.0,694,124637.0,39.9,No,C
APP_1057,43,437816.0,875,70438.0,1.3,No,0
APP_1058,70,336960.0,624,61567.0,9.4,No,0
APP_1059,19,1514370.0,691,244687.0,12.4,No,C
APP_1060,37,829015.0,739,18922.0,16.0,No,X
APP_1061,45,247930.0,503,86875.0,9.7,No,1
APP_1062,64,1092827.0,785,359006.0,8.1,No,C
APP_1063,24,480744.0,330,172761.0,38.2,Yes,3
APP_1064,61,1192293.0,687,126109.0,36.7,Yes,C
APP_1065,25,903922.0,733,146987.0,1.9,No,X
APP_1066,64,429190.0,675,146263.0,13.6,No,X
APP_1067,52,190227.0,643,62736.0,16.2,No,2
APP_1068,31,320805.0,742,89338.0,9.6,No,0
APP_1069,34,531039.0,878,102346.0,25.2,No,0
APP_1070,53,631664.0,374,317166.0,25.6,No,0
APP_1071,67,314215.0,856,58718.0,34.0,No,C
APP_1072,57,247533.0,454,62030.0,29.6,No,1
APP_1073,21,990624.0,729,369466.0,21.7,No,C
APP_1074,19,2052281.0,662,612938.0,26.1,No,X
APP_1075,23,515653.0,747,98380.0,11.0,No,0
APP_1076,71,264760.0,533,63438.0,23.7,No,X
APP_1077,59,323044.0,862,141159.0,19.6,Yes,0
APP_1078,21,188353.0,561,28813.0,5.3,No,C
APP_1079,71,1285600.0,424,100586.0,9.7,No,X
APP_1080,46,236376.0,544,40713.0,11.7,No,C
APP_1081,35,566658.0,841,264768.0,37.0,No,C
APP_1082,43,324127.0,784,15864.0,9.2,No,X
APP_1083,61,543526.0,421,296457.0,11.6,No,0
APP_1084,51,654250.0,424,194673.0,14.8,No,0
APP_1085,27,976698.0,848,529043.0,26.5,No,1
APP_1086,53,284041.0,469,146692.0,4.7,Yes,5
APP_1087,31,184976.0,423,46068.0,38.2,No,X
APP_1088,48,246244.0,334,26882.0,34.6,No,1
APP_1089,65,1216247.0,386,110297.0,23.1,Yes,5
APP_1090,32,1111771.0,500,146747.0,27.0,No,C
APP_1091,25,589430.0,668,230215.0,0.7,No,C
APP_1092,31,592913.0,376,89010.0,13.6,No,0
APP_1093,40,672180.0,358,126225.0,31.8,Yes,3
APP_1094,74,266770.0,730,65846.0,3.1,Yes,X
APP_1095,57,1286194.0,799,646027.0,11.3,No,C
APP_1096,38,424174.0,408,44185.0,23.4,No,X
APP_1097,33,397400.0,577,1099.0,10.3,No,C
APP_1098,62,509273.0,367,16833.0,37.4,No,1
APP_1099,35,201647.0,368,100344.0,5.2,No,4
APP_1100,64,261838.0,464,93249.0,31.9,No,0
APP_1101,70,782793.0,788,117554.0,20.3,No,X
APP_1102,41,218893.0,604,21332.0,30.0,No,C
APP_1103,43,595891.0,664,96443.0,12.4,No,X
APP_1104,42,306675.0,678,19363.0,20.6,No,X
APP_1105,62,401914.0,642,208128.0,34.3,No,1
APP_1106,58,333293.0,853,143754.0,18.7,No,X
APP_1107,46,377797.0,653,96079.0,14.4,No,C
APP_1108,32,751304.0,715,357417.0,21.4,No,0
APP_1109,62,338657.0,408,46464.0,28.7,No,1
APP_1110,18,556040.0,862,219311.0,17.7,No,C
APP_1111,42,470862.0,796,221716.0,37.6,No,1
APP_1112,24,670350.0,640,131538.0,11.8,No,X
APP_1113,26,1422865.0,682,592773.0,19.0,No,0
APP_1114,41,773507.0,832,125532.0,30.3,No,C
APP_1115,18,288898.0,599,47487.0,27.6,No,1
APP_1116,61,194256.0,438,11438.0,34.5,No,C
APP_1117,25,316876.0,658,76694.0,39.9,No,C
APP_1118,41,586827.0,798,235518.0,17.1,No,C
APP_1119,28,203758.0,684,105368.0,4.4,No,1
APP_1120,68,488658.0,579,162278.0,1.2,No,0
APP_1121,34,588793.0,782,279514.0,29.1,No,X
APP_1122,25,363074.0,410,164245.0,35.0,Yes,3
APP_1123,52,843142.0,438,80384.0,8.8,No,X
APP_1124,52,230724.0,734,61649.0,6.3,No,0
APP_1125,50,215150.0,808,13836.0,2.5,Yes,2
APP_1126,22,766191.0,572,287463.0,32.9,No,X
APP_1127,59,487877.0,398,254889.0,12.5,No,0
APP_1128,56,704719.0,403,53135.0,16.1,No,1
APP_1129,58,436781.0,513,176300.0,20.1,No,0
APP_1130,45,307303.0,464,106859.0,33.6,No,0
APP_1131,24,949421.0,819,304748.0,26.0,No,C
APP_1132,26,902935.0,583,193739.0,24.6,No,0
APP_1133,25,713902.0,816,139441.0,7.0,No,C
APP_1134,29,322944.0,463,8037.0,20.5,No,1
APP_1135,51,581472.0,363,69689.0,28.6,Yes,4
APP_1136,50,381514.0,390,3185.0,38.9,No,C
APP_1137,65,223223.0,416,71382.0,8.1,No,0
APP_1138,72,1301715.0,566,75785.0,0.4,No,C
APP_1139,40,246209.0,858,118220.0,3.0,Yes,0
APP_1140,41,1530221.0,439,440288.0,15.0,No,0
APP_1141,54,445770.0,545,171546.0,32.8,No,0
APP_1142,52,272129.0,694,61493.0,0.3,No,C
APP_1143,61,531301.0,786,163810.0,18.3,No,C
APP_1144,57,1108414.0,775,574671.0,13.2,No,X
APP_1145,39,772924.0,816,35171.0,2.1,No,0
APP_1146,44,919257.0,483,128389.0,18.0,No,1
APP_1147,52,663857.0,319,284790.0,10.2,No,0
APP_1148,18,710349.0,857,38576.0,14.1,No,0
APP_1149,52,1031297.0,823,42916.0,28.2,No,X
APP_1150,54,309258.0,881,61495.0,20.9,No,C
APP_1151,64,482498.0,828,24459.0,5.0,No,C
APP_1152,31,292506.0,446,94126.0,38.5,No,C
APP_1153,20,2158001.0,603,268566.0,25.4,No,C
APP_1154,18,1477559.0,881,727895.0,30.6,No,X
APP_1155,22,198101.0,527,85367.0,3.2,No,X
APP_1156,43,730229.0,401,281020.0,1.9,No,X
APP_1157,72,1347113.0,886,457101.0,0.8,No,X
APP_1158,31,269619.0,716,128044.0,7.6,No,2
APP_1159,56,557641.0,515,68414.0,16.6,No,C
APP_1160,44,1291889.0,706,620378.0,37.4,No,X
APP_1161,26,195541.0,698,84908.0,18.3,No,C
APP_1162,32,717935.0,798,295422.0,11.6,Yes,2
APP_1163,32,338803.0,764,104585.0,22.5,No,X
APP_1164,43,1342012.0,381,181754.0,4.5,No,0
APP_1165,59,1774111.0,664,413282.0,24.4,No,X
APP_1166,30,1479228.0,462,645630.0,22.7,No,X
APP_1167,68,469288.0,347,8202.0,31.7,No,1
APP_1168,49,1071365.0,810,460824.0,39.5,No,C
APP_1169,56,1017642.0,628,134368.0,10.0,No,0
APP_1170,66,352953.0,415,28014.0,20.4,No,C
APP_1171,69,974519.0,636,62014.0,36.4,No,0
APP_1172,49,196969.0,446,2952.0,31.4,No,0
APP_1173,21,588154.0,874,169372.0,19.5,Yes,4
APP_1174,47,297619.0,622,35727.0,37.8,Yes,0
APP_1175,54,237815.0,742,129416.0,2.3,No,0
APP_1176,40,216034.0,312,68254.0,37.2,No,0
APP_1177,56,716255.0,793,54319.0,2.0,No,C
APP_1178,62,366897.0,586,138988.0,21.9,Yes,3
APP_1179,32,760561.0,413,375534.0,35.6,No,2
APP_1180,60,210415.0,779,86239.0,10.5,No,X
APP_1181,46,350442.0,321,14733.0,18.9,No,C
APP_1182,53,528941.0,648,260628.0,13.0,No,0
APP_1183,30,883844.0,865,385940.0,38.1,No,C
APP_1184,49,352723.0,619,30711.0,32.9,No,1
APP_1185,24,622444.0,425,17729.0,28.4,No,0
APP_1186,68,1157113.0,576,354679.0,23.5,No,X
APP_1187,39,610540.0,503,52396.0,32.8,No,X
APP_1188,45,299347.0,493,137408.0,15.7,Yes,2
APP_1189,19,191117.0,846,37666.0,17.9,No,C
APP_1190,59,1098442.0,585,551518.0,29.2,No,1
APP_1191,62,189674.0,356,59013.0,14.3,No,0
APP_1192,74,1114676.0,602,111991.0,2.6,No,C
APP_1193,70,518744.0,462,39829.0,3.0,No,0
APP_1194,23,1439096.0,318,456280.0,4.6,No,C
APP_1195,45,901518.0,669,377768.0,34.8,No,X
APP_1196,45,2961987.0,563,1273145.0,18.9,No,0
APP_1197,61,374345.0,412,56776.0,28.5,No,1
APP_1198,61,835886.0,787,93900.0,15.7,No,0
APP_1199,37,411322.0,626,3791.0,10.3,No,1
APP_1200,47,474159.0,841,177127.0,13.9,No,X
APP_1201,28,624390.0,878,26295.0,31.8,No,X
APP_1202,72,1111011.0,364,257109.0,25.0,No,C
APP_1203,45,2043179.0,591,676139.0,37.5,No,0
APP_1204,42,837989.0,324,431908.0,27.2,No,X
APP_1205,56,423398.0,848,72609.0,22.8,No,X
APP_1206,50,426181.0,300,58547.0,24.4,No,0
APP_1207,18,782018.0,848,281361.0,37.7,No,X
APP_1208,74,302773.0,440,103119.0,31.5,No,C
APP_1209,44,232680.0,487,42501.0,1.0,No,X
APP_1210,74,377064.0,427,192474.0,21.4,No,0
APP_1211,69,332374.0,500,154446.0,27.5,No,5
APP_1212,30,338137.0,426,41655.0,29.9,No,X
APP_1213,58,299728.0,556,39423.0,8.5,No,1
APP_1214,20,199352.0,846,56170.0,34.7,No,C
APP_1215,56,188116.0,493,80037.0,38.2,No,0
APP_1216,23,2159990.0,403,52320.0,9.5,No,0
APP_1217,25,431199.0,834,164431.0,35.3,No,0
APP_1218,44,398267.0,564,141994.0,3.9,No,0
APP_1219,26,692250.0,683,88133.0,2.2,No,X
APP_1220,54,290801.0,559,108976.0,5.2,No,C
APP_1221,50,1527730.0,713,789990.0,2.3,No,C
APP_1222,68,874527.0,657,22504.0,33.8,No,0
APP_1223,59,222149.0,374,39056.0,2.4,No,0
APP_1224,61,423254.0,654,102003.0,10.9,No,0
APP_1225,41,1130824.0,883,559298.0,4.2,No,C
APP_1226,32,1483003.0,487,784870.0,11.8,No,3
APP_1227,71,463494.0,589,113215.0,3.6,No,X
APP_1228,49,607677.0,344,250676.0,26.7,No,0
APP_1229,49,262243.0,872,76683.0,5.3,No,C
APP_1230,41,2308250.0,382,682736.0,34.1,No,0
APP_1231,58,298592.0,422,45671.0,32.7,No,C
APP_1232,69,1467004.0,657,175052.0,0.5,No,X
APP_1233,66,651966.0,827,103273.0,35.8,No,X
APP_1234,66,601120.0,365,183931.0,1.2,No,2
APP_1235,69,503483.0,674,8074.0,9.6,No,X
APP_1236,29,298006.0,461,148701.0,1.3,No,1
APP_1237,56,267402.0,679,22985.0,13.4,No,X
APP_1238,19,292088.0,657,35357.0,20.6,No,X
APP_1239,20,272850.0,487,77776.0,31.9,No,1
APP_1240,66,860508.0,621,336083.0,13.5,No,1
APP_1241,54,373939.0,749,19688.0,28.2,No,X
APP_1242,66,206812.0,773,36137.0,7.5,Yes,2
APP_1243,73,1744688.0,312,929519.0,30.0,Yes,5
APP_1244,34,1148544.0,483,165722.0,9.4,Yes,2
APP_1245,66,1362445.0,410,234582.0,5.7,No,1
APP_1246,19,2556022.0,807,1175960.0,7.4,No,X
APP_1247,19,265965.0,589,7345.0,7.3,Yes,4
APP_1248,45,407062.0,594,104019.0,20.5,No,C
APP_1249,71,818912.0,750,170980.0,33.8,No,C
APP_1250,40,715858.0,514,124647.0,3.2,No,C
APP_1251,54,255201.0,866,40101.0,28.3,No,C
APP_1252,49,941361.0,326,47309.0,26.2,No,0
APP_1253,50,294377.0,530,50973.0,34.9,No,2
APP_1254,18,294015.0,864,6962.0,9.8,No,C
APP_1255,36,526488.0,620,226142.0,18.0,No,1
APP_1256,19,584458.0,532,128011.0,37.0,No,0
APP_1257,70,570468.0,736,139278.0,26.4,No,C
APP_1258,61,223176.0,832,109686.0,15.6,No,X
APP_1259,43,1124696.0,702,407062.0,5.3,No,C
APP_1260,49,318916.0,352,1414.0,10.5,No,C
APP_1261,23,242417.0,612,125753.0,23.2,No,4
APP_1262,49,1168181.0,580,152365.0,28.7,No,2
APP_1263,72,1582054.0,330,93638.0,5.0,No,X
APP_1264,21,1071642.0,636,452737.0,24.0,No,X
APP_1265,72,926184.0,482,254944.0,22.0,No,X
APP_1266,28,659211.0,322,157270.0,20.6,No,C
APP_1267,73,540187.0,843,74128.0,27.6,No,X
APP_1268,34,220952.0,745,66531.0,33.5,No,C
APP_1269,55,416257.0,373,62818.0,12.9,No,C
APP_1270,41,389840.0,309,193310.0,35.6,No,C
APP_1271,22,315348.0,783,37325.0,6.4,No,C
APP_1272,69,758365.0,755,368865.0,6.9,No,C
APP_1273,51,488220.0,865,150212.0,10.7,Yes,2
APP_1274,23,218034.0,863,99351.0,4.8,Yes,3
APP_1275,39,291913.0,459,114449.0,9.2,No,0
APP_1276,28,697352.0,313,267213.0,4.3,No,0
APP_1277,65,215633.0,477,38467.0,32.9,No,C
APP_1278,33,1037339.0,711,133447.0,5.6,No,C
APP_1279,50,487569.0,352,56552.0,29.9,No,0
APP_1280,26,474775.0,707,223835.0,1.9,No,0
APP_1281,23,583870.0,321,263462.0,37.9,Yes,2
APP_1282,33,963517.0,329,233475.0,28.4,No,X
APP_1283,46,372338.0,559,27115.0,0.3,No,1
APP_1284,20,689964.0,504,145057.0,30.6,No,C
APP_1285,37,555342.0,358,189171.0,20.6,No,1
APP_1286,53,319792.0,770,79923.0,31.2,No,C
APP_1287,36,1129010.0,765,484463.0,20.9,No,X
APP_1288,43,898493.0,311,492996.0,25.6,No,0
APP_1289,20,663420.0,589,69740.0,31.5,No,0
APP_1290,36,1035453.0,653,261771.0,16.2,No,X
APP_1291,37,1088829.0,374,258097.0,0.1,No,0
APP_1292,49,734510.0,860,123009.0,34.0,No,C
APP_1293,24,996339.0,890,108554.0,15.2,No,C
APP_1294,69,718011.0,740,25942.0,19.8,No,C
APP_1295,58,692943.0,540,338098.0,0.3,No,0
APP_1296,50,613771.0,453,141730.0,19.7,Yes,2
APP_1297,57,808749.0,395,221025.0,39.5,No,0
APP_1298,56,257712.0,593,129969.0,11.1,Yes,5
APP_1299,35,1137396.0,508,485622.0,15.8,No,X
APP_1300,57,1104526.0,642,79278.0,27.5,No,0
APP_1301,18,193358.0,387,60131.0,32.6,No,C
APP_1302,28,966441.0,689,235076.0,16.7,No,0
APP_1303,45,242084.0,624,106146.0,12.4,No,0
APP_1304,74,363666.0,456,144858.0,37.5,No,C
APP_1305,42,792296.0,876,300853.0,27.1,Yes,0
APP_1306,67,258866.0,436,48486.0,4.8,Yes,5
APP_1307,40,946605.0,727,419091.0,2.8,No,X
APP_1308,48,983066.0,751,28327.0,19.3,No,C
APP_1309,47,498688.0,440,43782.0,8.8,No,1
APP_1310,59,182883.0,382,33759.0,10.2,No,0
APP_1311,52,332247.0,476,14035.0,35.1,No,0
APP_1312,24,611788.0,497,79072.0,3.6,No,0
APP_1313,33,1967924.0,867,898521.0,28.6,No,1
APP_1314,43,629625.0,720,328373.0,10.8,No,C
APP_1315,65,315378.0,700,52836.0,30.4,Yes,0
APP_1316,74,632312.0,770,91991.0,28.9,No,C
APP_1317,69,529424.0,517,81500.0,0.3,No,C
APP_1318,66,861041.0,474,131520.0,20.4,No,0
APP_1319,19,230916.0,322,4563.0,5.6,No,0
APP_1320,18,824134.0,534,420147.0,34.6,No,2
APP_1321,65,530679.0,312,62373.0,34.9,No,0
APP_1322,29,1663480.0,400,384268.0,16.7,No,C
APP_1323,22,368260.0,835,1962.0,17.8,No,C
APP_1324,54,630614.0,822,297571.0,12.1,No,1
APP_1325,49,1389897.0,751,558929.0,28.7,No,X
APP_1326,72,228669.0,730,119071.0,14.3,No,C
APP_1327,26,1425714.0,832,612898.0,10.7,No,X
APP_1328,58,703974.0,592,121463.0,17.3,No,0
APP_1329,52,211611.0,400,28849.0,3.7,No,1
APP_1330,36,341124.0,801,130904.0,29.9,No,X
APP_1331,65,734216.0,603,147036.0,0.5,No,1
APP_1332,33,211377.0,839,65827.0,25.8,No,C
APP_1333,20,572707.0,852,1971.0,7.3,Yes,0
APP_1334,37,371011.0,654,12628.0,9.3,No,C
APP_1335,41,616498.0,602,181529.0,25.4,No,0
APP_1336,71,201070.0,795,62601.0,39.7,No,X
APP_1337,73,1103451.0,526,456055.0,31.1,No,2
APP_1338,50,1813587.0,535,131632.0,9.0,No,X
APP_1339,41,1741426.0,754,491519.0,7.0,No,C
APP_1340,69,803206.0,312,85900.0,34.6,No,2
APP_1341,28,242713.0,509,12441.0,17.8,No,X
APP_1342,66,818958.0,696,184898.0,5.5,No,C
APP_1343,25,191202.0,399,17177.0,34.5,No,X
APP_1344,53,190067.0,330,23184.0,32.6,No,0
APP_1345,55,355944.0,827,62167.0,39.4,No,X
APP_1346,57,481809.0,628,68737.0,36.4,No,X
APP_1347,37,842152.0,465,40571.0,34.1,No,C
APP_1348,52,697404.0,758,34489.0,2.1,No,0
APP_1349,65,445687.0,399,47371.0,4.2,Yes,5
APP_1350,42,323861.0,472,9006.0,22.8,No,0
APP_1351,52,2813188.0,461,969288.0,21.3,No,0
APP_1352,42,429949.0,562,67945.0,18.3,No,1
APP_1353,46,450163.0,573,69262.0,15.9,No,0
APP_1354,35,260405.0,302,47550.0,17.2,No,X
APP_1355,63,892718.0,327,325429.0,22.8,No,X
APP_1356,35,712410.0,625,341136.0,0.1,No,0
APP_1357,19,292252.0,448,122015.0,10.4,No,1
APP_1358,71,218688.0,839,87506.0,20.7,No,X
APP_1359,52,693448.0,787,184745.0,28.9,No,C
APP_1360,33,658258.0,737,251187.0,7.0,No,X
APP_1361,58,323634.0,364,98391.0,21.9,No,0
APP_1362,53,1535919.0,655,182679.0,28.6,No,1
APP_1363,50,253694.0,832,29105.0,17.8,No,X
APP_1364,21,434801.0,551,70879.0,1.1,No,0
APP_1365,50,1474006.0,534,738391.0,18.0,No,1
APP_1366,31,424916.0,526,127933.0,11.9,No,0
APP_1367,38,637904.0,824,257489.0,37.2,No,C
APP_1368,65,408071.0,612,77781.0,5.0,No,1
APP_1369,37,324226.0,348,72706.0,26.1,No,X
APP_1370,73,2040197.0,417,140898.0,2.1,No,C
APP_1371,25,416927.0,353,39280.0,17.8,No,0
APP_1372,24,1190364.0,864,541670.0,22.2,No,2
APP_1373,20,297588.0,343,95722.0,11.9,Yes,2
APP_1374,34,287847.0,352,53437.0,18.2,No,0
APP_1375,50,194233.0,885,85767.0,6.5,No,C
APP_1376,65,654568.0,857,88750.0,12.2,No,C
APP_1377,29,386865.0,824,207676.0,24.8,Yes,4
APP_1378,68,1078982.0,401,204629.0,12.1,Yes,3
APP_1379,39,468429.0,697,86903.0,36.0,No,C
APP_1380,72,1731637.0,437,297065.0,25.1,Yes,2
APP_1381,39,272345.0,686,18291.0,17.5,No,X
APP_1382,63,1093358.0,410,66832.0,1.6,No,1
APP_1383,47,854450.0,316,304575.0,20.0,No,X
APP_1384,55,843161.0,481,405826.0,30.6,No,C
APP_1385,55,1018320.0,835,442751.0,10.6,No,X
APP_1386,62,824126.0,840,63960.0,32.3,No,0
APP_1387,68,622840.0,470,186896.0,10.1,No,0
APP_1388,71,243312.0,708,14130.0,32.9,Yes,0
APP_1389,25,194880.0,677,4855.0,3.4,No,X
APP_1390,44,1321372.0,487,477032.0,34.6,No,1
APP_1391,44,611463.0,529,179974.0,20.0,Yes,3
APP_1392,51,896523.0,418,40445.0,11.9,Yes,5
APP_1393,38,475586.0,455,9139.0,10.6,No,1
APP_1394,47,236151.0,764,128552.0,17.3,No,X
APP_1395,50,240185.0,403,3966.0,40.0,No,0
APP_1396,45,700640.0,801,171300.0,8.8,No,X
APP_1397,64,433195.0,474,120229.0,4.1,No,0
APP_1398,50,280710.0,720,18107.0,23.4,No,X
APP_1399,22,484414.0,433,45043.0,19.5,No,1
APP_1400,65,209863.0,690,40607.0,21.0,No,C
APP_1401,36,572492.0,800,239830.0,26.7,No,0
APP_1402,21,321000.0,332,89525.0,10.7,No,1
APP_1403,52,898788.0,354,315336.0,36.4,No,1
APP_1404,66,347215.0,818,188137.0,17.4,No,1
APP_1405,34,453318.0,311,191483.0,5.2,Yes,5
APP_1406,61,185260.0,827,44258.0,29.7,No,C
APP_1407,45,213842.0,854,52508.0,25.7,Yes,1
APP_1408,47,404277.0,672,137585.0,12.6,No,X
APP_1409,46,474214.0,783,173539.0,24.9,No,X
APP_1410,63,592354.0,527,163129.0,8.8,No,0
APP_1411,70,335176.0,606,118878.0,17.8,No,0
APP_1412,23,714323.0,756,9245.0,36.0,No,0
APP_1413,52,1065144.0,459,251686.0,5.3,No,X
APP_1414,58,861053.0,630,132099.0,15.5,No,C
APP_1415,54,198191.0,524,14081.0,32.8,No,X
APP_1416,41,474706.0,803,25990.0,38.8,No,C
APP_1417,46,229884.0,755,76265.0,18.2,No,X
APP_1418,66,304709.0,344,87750.0,20.3,No,X
APP_1419,63,2122732.0,513,296060.0,22.9,No,0
APP_1420,70,249178.0,358,64543.0,37.3,No,C
APP_1421,48,490917.0,494,132905.0,34.3,No,X
APP_1422,52,613234.0,788,65772.0,6.8,No,X
APP_1423,50,725500.0,456,260202.0,17.5,Yes,5
APP_1424,69,549082.0,525,235834.0,18.6,No,1
APP_1425,38,184419.0,711,80278.0,31.6,No,X
APP_1426,49,357844.0,504,118575.0,24.1,No,1
APP_1427,40,508146.0,378,142993.0,26.2,No,C
APP_1428,50,221386.0,423,7428.0,39.9,No,0
APP_1429,20,374287.0,770,59252.0,3.0,No,X
APP_1430,35,195195.0,517,10013.0,8.9,No,C
APP_1431,42,216827.0,815,114941.0,16.3,No,X
APP_1432,59,407570.0,403,30280.0,13.9,No,0
APP_1433,48,244075.0,692,20375.0,0.9,Yes,X
APP_1434,71,557220.0,733,272630.0,3.7,Yes,1
APP_1435,20,706256.0,630,366660.0,27.2,No,5
APP_1436,57,905569.0,442,381431.0,35.2,No,X
APP_1437,63,280499.0,839,834.0,20.6,No,C
APP_1438,41,262486.0,577,194.0,21.6,Yes,0
APP_1439,67,229702.0,532,47768.0,10.2,No,C
APP_1440,49,635303.0,828,50105.0,30.7,No,C
APP_1441,64,731608.0,870,7398.0,30.1,No,C
APP_1442,39,194443.0,389,49629.0,23.5,Yes,3
APP_1443,40,1418487.0,791,735747.0,8.5,No,C
APP_1444,19,204017.0,498,36336.0,3.9,No,0
APP_1445,44,530708.0,661,192980.0,2.6,No,X
APP_1446,59,735588.0,740,263877.0,23.7,No,X
APP_1447,19,1101467.0,325,152106.0,33.0,Yes,4
APP_1448,43,743430.0,324,265950.0,34.3,No,X
APP_1449,34,908152.0,693,106057.0,18.5,No,C
APP_1450,57,366607.0,806,24601.0,31.4,No,X
APP_1451,50,938905.0,600,362193.0,37.9,Yes,5
APP_1452,26,217578.0,638,13575.0,11.0,No,X
APP_1453,60,1193423.0,566,654354.0,15.9,No,0
APP_1454,71,536927.0,760,54175.0,37.3,No,C
APP_1455,65,944954.0,755,308790.0,13.5,No,X
APP_1456,56,450927.0,659,102025.0,36.6,Yes,C
APP_1457,46,644238.0,367,44783.0,39.2,No,1
APP_1458,59,516329.0,711,7907.0,26.5,No,C
APP_1459,72,771857.0,790,264363.0,32.7,No,X
APP_1460,43,218320.0,348,96872.0,30.0,No,0
APP_1461,52,208013.0,863,96332.0,28.0,No,0
APP_1462,67,307722.0,401,81698.0,12.3,No,1
APP_1463,42,258215.0,515,110413.0,2.3,No,X
APP_1464,41,1104316.0,737,408670.0,13.7,No,X
APP_1465,30,291354.0,868,116058.0,26.7,No,C
APP_1466,24,1855846.0,858,502803.0,4.1,No,0
APP_1467,74,364870.0,458,127112.0,0.5,No,0
APP_1468,53,270467.0,788,119827.0,5.6,No,C
APP_1469,62,881646.0,541,192936.0,28.6,No,1
APP_1470,37,663757.0,304,294236.0,38.9,No,0
APP_1471,18,490295.0,895,159645.0,39.3,No,C
APP_1472,25,544724.0,660,49704.0,19.8,No,X
APP_1473,63,751554.0,758,10203.0,34.8,No,X
APP_1474,33,296712.0,547,59198.0,29.5,No,C
APP_1475,31,2703884.0,865,813012.0,20.0,No,C
APP_1476,29,1836288.0,721,848184.0,22.9,No,X
APP_1477,68,652839.0,314,45775.0,5.5,No,C
APP_1478,40,280157.0,872,123301.0,37.5,No,C
APP_1479,32,693067.0,421,328967.0,14.1,No,1
APP_1480,45,213722.0,576,17713.0,17.8,Yes,2
APP_1481,51,194009.0,857,90870.0,26.9,No,0
APP_1482,19,314090.0,752,171273.0,13.4,No,0
APP_1483,49,459475.0,689,183680.0,10.2,No,C
APP_1484,40,1092159.0,593,471401.0,25.2,No,1
APP_1485,39,764506.0,873,418130.0,1.0,No,X
APP_1486,68,790892.0,897,263379.0,28.8,No,C
APP_1487,42,429410.0,745,72715.0,20.6,Yes,1
APP_1488,39,371047.0,509,170920.0,24.2,No,0
APP_1489,39,388659.0,889,131354.0,25.3,Yes,1
APP_1490,66,2157329.0,601,689606.0,21.1,No,0
APP_1491,69,198421.0,522,27680.0,23.3,No,2
APP_1492,59,1087939.0,302,452565.0,27.4,No,1
APP_1493,23,568958.0,817,25556.0,30.1,No,X
APP_1494,32,439807.0,392,223579.0,29.1,No,3
APP_1495,71,761365.0,819,136439.0,34.8,No,X
APP_1496,60,480075.0,727,33738.0,7.6,No,0
APP_1497,54,1110108.0,792,270091.0,16.0,Yes,X
APP_1498,50,1219333.0,534,28482.0,37.9,No,X
APP_1499,25,426464.0,460,160583.0,15.9,No,0
APP_1500,70,325849.0,630,161780.0,5.0,No,0
APP_1501,61,583806.0,632,268840.0,21.0,No,0
APP_1502,61,1275550.0,349,89356.0,4.4,No,X
APP_1503,22,286452.0,822,19894.0,8.1,No,0
APP_1504,56,618940.0,791,276907.0,39.9,No,X
APP_1505,21,629315.0,881,319906.0,21.7,No,X
APP_1506,23,774419.0,571,196213.0,11.4,Yes,3
APP_1507,62,243480.0,879,66819.0,39.8,No,X
APP_1508,49,746174.0,551,130613.0,38.7,No,C
APP_1509,69,1258764.0,859,619118.0,17.6,No,X
APP_1510,47,269129.0,389,95459.0,10.4,No,0
APP_1511,64,302044.0,745,47886.0,33.5,Yes,0
APP_1512,52,1779380.0,631,292406.0,28.6,No,0
APP_1513,72,269839.0,438,132264.0,27.5,No,X
APP_1514,57,1047055.0,656,7852.0,35.7,No,X
APP_1515,69,485019.0,573,86091.0,27.6,No,C
APP_1516,33,307799.0,318,93847.0,11.4,No,0
APP_1517,30,1100703.0,610,89729.0,27.8,No,1
APP_1518,67,445202.0,453,22551.0,12.2,No,C
APP_1519,59,505453.0,689,226646.0,30.4,No,C
APP_1520,47,380290.0,559,187073.0,24.8,No,0
APP_1521,36,584470.0,870,264755.0,3.1,No,C
APP_1522,34,260351.0,424,128700.0,20.5,No,2
APP_1523,73,403232.0,653,122668.0,13.7,Yes,X
APP_1524,36,1749221.0,572,781450.0,13.1,No,0
APP_1525,45,314364.0,544,66401.0,24.1,No,X
APP_1526,72,661166.0,749,242282.0,12.9,No,C
APP_1527,43,356996.0,546,194156.0,31.1,No,0
APP_1528,54,848201.0,819,105304.0,2.8,No,C
APP_1529,43,243120.0,440,52136.0,26.4,No,0
APP_1530,70,1755275.0,661,463438.0,32.4,No,C
APP_1531,40,452138.0,307,34321.0,26.9,No,1
APP_1532,26,301164.0,777,13423.0,19.9,No,1
APP_1533,29,214352.0,651,97819.0,38.0,No,C
APP_1534,70,263717.0,794,141679.0,12.0,No,X
APP_1535,18,510074.0,726,113542.0,0.8,No,1
APP_1536,18,364943.0,338,17593.0,17.3,No,X
APP_1537,64,974434.0,892,35271.0,1.3,No,X
APP_1538,51,433655.0,486,212588.0,38.2,No,0
APP_1539,49,308686.0,895,78745.0,8.4,No,X
APP_1540,71,612045.0,899,107729.0,31.6,No,X
APP_1541,65,732070.0,392,191842.0,31.0,No,0
APP_1542,42,262247.0,385,45911.0,8.7,No,0
APP_1543,57,262559.0,343,70621.0,24.8,No,0
APP_1544,62,196812.0,436,93044.0,1.9,No,1
APP_1545,70,779999.0,720,254097.0,19.3,No,C
APP_1546,18,670528.0,373,256182.0,0.6,No,0
APP_1547,33,469644.0,847,94196.0,36.8,No,X
APP_1548,56,1016547.0,811,412899.0,39.0,No,C
APP_1549,22,917189.0,455,336278.0,8.9,No,C
APP_1550,39,576149.0,554,37887.0,8.3,No,1
APP_1551,46,1092155.0,470,343978.0,30.1,No,X
APP_1552,72,283712.0,469,40063.0,10.1,No,0
APP_1553,20,233412.0,621,103227.0,35.8,No,0
APP_1554,29,321466.0,866,75308.0,23.0,No,0
APP_1555,43,206451.0,755,112945.0,14.0,No,0
APP_1556,33,520881.0,454,26500.0,33.3,No,C
APP_1557,68,1421272.0,648,609997.0,19.7,No,2
APP_1558,54,198062.0,750,73389.0,36.5,No,0
APP_1559,39,238605.0,472,100721.0,37.1,No,C
APP_1560,74,450829.0,309,76254.0,6.6,No,0
APP_1561,46,1402294.0,564,379503.0,0.1,No,0
APP_1562,31,351012.0,737,153771.0,39.4,No,X
APP_1563,45,498475.0,546,63754.0,36.2,No,C
APP_1564,22,199108.0,845,24753.0,2.2,No,C
APP_1565,64,252257.0,798,76454.0,33.3,Yes,2
APP_1566,66,2121638.0,428,610947.0,18.3,No,0
APP_1567,47,1690112.0,626,262380.0,10.4,No,0
APP_1568,63,182229.0,703,29875.0,35.1,No,X
APP_1569,69,1544688.0,658,236051.0,7.9,No,X
APP_1570,22,638644.0,316,270997.0,37.9,No,0
APP_1571,29,1090951.0,573,391155.0,8.2,No,C
APP_1572,33,452922.0,415,207361.0,24.5,No,X
APP_1573,43,506176.0,390,271569.0,8.9,No,1
APP_1574,43,481988.0,381,125698.0,21.8,No,0
APP_1575,65,674642.0,623,24747.0,27.4,Yes,1
APP_1576,38,247688.0,413,6552.0,7.6,No,1
APP_1577,56,193694.0,357,31498.0,20.8,No,C
APP_1578,53,345631.0,453,177274.0,18.8,No,1
APP_1579,50,728864.0,703,209743.0,2.8,No,X
APP_1580,47,281458.0,565,42073.0,32.7,No,C
APP_1581,54,683603.0,614,150079.0,13.4,Yes,2
APP_1582,40,1756634.0,340,578332.0,23.0,No,1
APP_1583,27,224373.0,404,80577.0,20.6,No,C
APP_1584,71,682461.0,492,57774.0,20.5,No,X
APP_1585,22,443942.0,700,238560.0,4.3,No,0
APP_1586,53,1091714.0,577,327105.0,16.9,No,C
APP_1587,51,267741.0,653,19981.0,18.1,No,C
APP_1588,69,710860.0,879,349387.0,29.3,No,0
APP_1589,48,999392.0,555,41026.0,33.6,No,2
APP_1590,27,1482045.0,398,739917.0,21.8,No,0
APP_1591,36,697336.0,887,382218.0,3.5,No,C
APP_1592,49,489381.0,581,188528.0,9.5,No,0
APP_1593,18,612871.0,702,259701.0,6.6,Yes,2
APP_1594,73,1094325.0,408,203015.0,5.0,No,X
APP_1595,22,560425.0,498,290226.0,14.6,No,0
APP_1596,62,193886.0,602,56487.0,9.2,No,0
APP_1597,21,1382807.0,626,557014.0,8.7,No,C
APP_1598,33,706346.0,453,359007.0,2.2,No,2
APP_1599,41,687869.0,851,368938.0,0.7,No,X
APP_1600,33,289319.0,704,132584.0,4.1,No,C
APP_1601,72,663992.0,761,110661.0,6.9,No,0
APP_1602,19,405293.0,431,215454.0,17.2,No,1
APP_1603,66,654008.0,383,225937.0,20.4,No,0
APP_1604,45,230721.0,698,118095.0,5.6,Yes,0
APP_1605,49,662622.0,408,246401.0,17.0,No,C
APP_1606,44,3528775.0,520,596297.0,13.7,No,1
APP_1607,37,202236.0,852,41158.0,7.3,No,C
APP_1608,41,1880938.0,667,569472.0,0.3,Yes,0
APP_1609,29,415083.0,446,180357.0,18.7,No,C
APP_1610,67,1100715.0,411,192505.0,27.4,No,C
APP_1611,52,866264.0,857,276210.0,9.1,No,X
APP_1612,50,556675.0,793,105820.0,5.3,No,C
APP_1613,50,783507.0,804,351539.0,35.5,No,C
APP_1614,68,1128586.0,774,289709.0,11.0,No,X
APP_1615,60,412988.0,570,17427.0,8.9,No,1
APP_1616,54,358227.0,720,32716.0,34.3,No,X
APP_1617,29,675628.0,666,22706.0,32.7,No,X
APP_1618,20,922256.0,579,253267.0,17.9,No,1
APP_1619,18,826508.0,582,48339.0,19.6,No,0
APP_1620,50,899354.0,339,56459.0,8.7,No,0
APP_1621,57,437383.0,488,226379.0,3.1,No,0
APP_1622,27,946277.0,463,454175.0,22.9,No,1
APP_1623,60,237632.0,835,59087.0,3.9,No,C
APP_1624,61,533851.0,835,289450.0,18.0,No,0
APP_1625,46,182599.0,303,19.0,37.6,No,C
APP_1626,30,356593.0,589,120417.0,38.1,No,C
APP_1627,29,385396.0,732,130663.0,9.6,No,X
APP_1628,48,407010.0,770,102401.0,25.0,Yes,4
APP_1629,63,715039.0,480,156108.0,19.0,Yes,3
APP_1630,19,401371.0,547,100528.0,35.0,No,1
APP_1631,68,447959.0,578,102237.0,10.9,No,C
APP_1632,67,302045.0,880,121353.0,0.1,No,X
APP_1633,52,390245.0,553,29052.0,6.5,No,0
APP_1634,40,296021.0,480,32178.0,14.0,No,X
APP_1635,34,214206.0,808,21267.0,12.6,No,C
APP_1636,43,596227.0,865,86071.0,31.7,Yes,1
APP_1637,25,676468.0,625,195426.0,27.2,Yes,3
APP_1638,46,614810.0,656,37605.0,12.0,No,0
APP_1639,43,460205.0,690,219745.0,18.3,No,X
APP_1640,27,394961.0,384,64595.0,3.8,No,C
APP_1641,43,1075596.0,616,96154.0,35.9,No,2
APP_1642,51,509426.0,511,189299.0,37.4,No,C
APP_1643,68,473559.0,814,9920.0,39.2,Yes,2
APP_1644,58,191689.0,683,65363.0,34.7,No,X
APP_1645,24,367834.0,641,141251.0,7.0,No,C
APP_1646,21,395258.0,337,46721.0,1.8,No,0
APP_1647,70,408989.0,810,9440.0,23.2,No,C
APP_1648,67,570560.0,719,114115.0,36.5,No,X
APP_1649,62,523223.0,468,28373.0,7.1,No,0
APP_1650,28,601313.0,642,38522.0,0.3,No,X
APP_1651,46,831453.0,605,116273.0,32.2,No,0
APP_1652,73,934457.0,841,151856.0,3.1,No,0
APP_1653,53,749828.0,836,218563.0,16.5,No,C
APP_1654,42,1580759.0,411,589806.0,27.2,No,2
APP_1655,38,188280.0,710,61384.0,9.5,Yes,3
APP_1656,74,278046.0,505,22688.0,3.4,No,0
APP_1657,53,183416.0,484,17360.0,30.8,No,2
APP_1658,27,649185.0,681,313766.0,25.2,No,X
APP_1659,54,1207387.0,795,370781.0,39.5,No,C
APP_1660,26,305563.0,678,146202.0,13.8,No,C
APP_1661,41,1357996.0,346,277507.0,2.5,No,0
APP_1662,52,207972.0,850,70278.0,29.4,No,X
APP_1663,66,1406128.0,827,404986.0,20.9,No,X
APP_1664,52,374977.0,803,65815.0,8.5,No,C
APP_1665,65,228123.0,321,58959.0,31.3,No,0
APP_1666,53,479377.0,512,132485.0,8.2,No,0
APP_1667,35,313541.0,609,34623.0,10.4,Yes,0
APP_1668,66,330883.0,571,57327.0,3.7,No,0
APP_1669,56,345215.0,870,150263.0,16.0,No,0
APP_1670,49,911107.0,501,458910.0,16.8,No,C
APP_1671,41,528618.0,331,104607.0,20.6,No,C
APP_1672,40,347832.0,742,58726.0,28.4,No,X
APP_1673,49,604109.0,461,64856.0,36.2,No,C
APP_1674,54,746690.0,553,278643.0,5.5,No,0
APP_1675,29,323240.0,820,57441.0,2.2,No,X
APP_1676,66,420150.0,779,228252.0,0.7,Yes,0
APP_1677,72,238491.0,309,42720.0,5.7,No,C
APP_1678,30,269934.0,804,58515.0,26.3,No,2
APP_1679,40,694320.0,859,230399.0,29.1,No,X
APP_1680,42,270093.0,735,119091.0,31.5,No,C
APP_1681,52,515153.0,410,133031.0,9.7,No,0
APP_1682,58,735566.0,452,170990.0,12.2,No,C
APP_1683,47,230864.0,401,126421.0,19.3,No,3
APP_1684,34,556982.0,490,3215.0,2.5,No,1
APP_1685,66,313412.0,862,154288.0,24.4,No,C
APP_1686,37,1662688.0,380,136386.0,39.3,No,0
APP_1687,65,477346.0,788,206337.0,14.4,No,C
APP_1688,42,917936.0,387,311972.0,30.1,No,0
APP_1689,39,539555.0,493,101445.0,20.0,No,C
APP_1690,30,199972.0,403,96113.0,5.1,No,X
APP_1691,36,631263.0,395,4481.0,23.3,Yes,3
APP_1692,66,1540890.0,722,192118.0,12.0,No,X
APP_1693,53,594148.0,497,185250.0,1.4,No,0
APP_1694,29,949636.0,300,183610.0,25.4,No,X
APP_1695,58,1150176.0,706,386123.0,34.4,Yes,3
APP_1696,36,296493.0,677,3932.0,13.8,Yes,1
APP_1697,29,287241.0,466,18399.0,15.6,No,X
APP_1698,26,604857.0,808,42281.0,35.6,No,X
APP_1699,24,418220.0,612,43539.0,32.5,No,0
APP_1700,45,1004272.0,892,253711.0,28.6,No,C
APP_1701,31,1216267.0,717,503134.0,10.0,No,X
APP_1702,48,376227.0,776,187379.0,36.4,No,C
APP_1703,69,301647.0,372,138593.0,6.2,No,0
APP_1704,36,862434.0,440,93392.0,25.1,No,2
APP_1705,64,324592.0,881,78757.0,1.2,No,C
APP_1706,33,958243.0,561,105097.0,25.7,No,1
APP_1707,70,428037.0,639,62262.0,11.1,No,0
APP_1708,22,675569.0,607,187100.0,18.0,No,C
APP_1709,52,225185.0,544,8435.0,13.8,No,1
APP_1710,29,620006.0,814,74398.0,6.9,No,X
APP_1711,42,450475.0,636,231751.0,24.9,No,0
APP_1712,69,577512.0,874,148053.0,35.3,No,C
APP_1713,38,262773.0,860,64370.0,38.4,No,C
APP_1714,53,780805.0,375,6256.0,7.7,Yes,2
APP_1715,70,1073832.0,474,146116.0,28.7,No,C
APP_1716,40,289931.0,408,138141.0,26.6,No,2
APP_1717,33,225275.0,482,20398.0,13.7,Yes,2
APP_1718,74,190765.0,491,43555.0,0.8,No,0
APP_1719,56,642214.0,364,5062.0,27.6,No,C
APP_1720,62,600383.0,773,157952.0,37.8,No,X
APP_1721,70,536038.0,399,6197.0,25.3,No,0
APP_1722,59,298753.0,843,134674.0,17.4,No,C
APP_1723,56,403102.0,427,182875.0,21.0,No,1
APP_1724,31,586159.0,751,253958.0,8.0,No,C
APP_1725,48,489016.0,668,76213.0,30.0,No,C
APP_1726,22,2162310.0,342,995701.0,29.9,No,0
APP_1727,52,246011.0,718,73471.0,5.8,No,C
APP_1728,40,714563.0,787,146910.0,35.1,No,C
APP_1729,46,413122.0,377,142086.0,10.8,No,C
APP_1730,60,431534.0,569,2929.0,39.3,No,1
APP_1731,28,748990.0,614,58892.0,15.3,No,C
APP_1732,35,710583.0,467,290104.0,7.1,No,X
APP_1733,64,2312724.0,638,310573.0,14.1,No,1
APP_1734,29,241838.0,492,79542.0,17.6,No,0
APP_1735,26,229472.0,752,48604.0,2.8,No,0
APP_1736,27,759862.0,582,357244.0,23.1,No,0
APP_1737,61,568650.0,635,297875.0,23.9,No,0
APP_1738,34,324192.0,689,157545.0,29.6,No,2
APP_1739,55,217238.0,824,32334.0,1.2,No,C
APP_1740,24,220298.0,539,23526.0,21.6,No,0
APP_1741,63,1190753.0,782,310714.0,2.1,No,C
APP_1742,30,275863.0,891,1113.0,28.0,No,X
APP_1743,57,355785.0,854,5050.0,2.2,No,X
APP_1744,59,295664.0,757,89974.0,36.5,No,X
APP_1745,26,377325.0,388,108008.0,28.1,No,2
APP_1746,67,212378.0,394,116175.0,20.3,No,0
APP_1747,44,509406.0,751,56551.0,17.7,No,C
APP_1748,19,211503.0,727,30024.0,5.2,No,X
APP_1749,22,905050.0,450,56518.0,11.6,No,X
APP_1750,46,299789.0,813,151288.0,34.8,Yes,0
APP_1751,54,529450.0,675,226497.0,36.2,No,C
APP_1752,55,1134415.0,321,513081.0,0.0,No,1
APP_1753,36,653549.0,612,324500.0,23.8,Yes,4
APP_1754,25,522601.0,818,150872.0,28.8,No,C
APP_1755,65,356425.0,505,88449.0,24.7,No,C
APP_1756,62,362236.0,674,65824.0,3.3,No,X
APP_1757,18,678199.0,750,219783.0,8.7,No,X
APP_1758,39,2492774.0,894,622827.0,10.0,No,C
APP_1759,69,667905.0,478,165882.0,33.3,No,1
APP_1760,34,547180.0,509,281967.0,18.5,Yes,2
APP_1761,24,770285.0,799,416892.0,19.5,No,X
APP_1762,42,461643.0,763,202230.0,37.4,No,0
APP_1763,62,207912.0,423,86537.0,25.5,No,X
APP_1764,21,551796.0,412,206541.0,35.9,No,2
APP_1765,53,1602542.0,311,146378.0,18.3,No,0
APP_1766,23,266733.0,425,8671.0,6.0,No,1
APP_1767,48,707039.0,864,268604.0,37.2,No,C
APP_1768,36,280940.0,630,112610.0,18.3,No,0
APP_1769,61,525375.0,582,13573.0,7.3,No,C
APP_1770,71,225754.0,439,115231.0,12.1,No,3
APP_1771,56,449330.0,700,22524.0,2.0,Yes,2
APP_1772,44,815065.0,396,128165.0,18.7,Yes,3
APP_1773,27,372174.0,816,137635.0,34.1,No,C
APP_1774,43,672013.0,868,62786.0,37.3,No,C
APP_1775,36,894124.0,368,27252.0,37.3,No,X
APP_1776,56,1358881.0,417,247494.0,5.0,No,1
APP_1777,20,300335.0,358,126527.0,15.3,No,0
APP_1778,62,409359.0,332,93139.0,1.1,No,1
APP_1779,30,254414.0,617,91369.0,34.2,No,1
APP_1780,67,2380795.0,349,758975.0,14.4,No,2
APP_1781,45,1357789.0,788,16592.0,25.2,No,X
APP_1782,37,529396.0,318,287831.0,28.6,No,1
APP_1783,45,1010417.0,496,23023.0,17.2,No,1
APP_1784,25,511185.0,749,272100.0,12.3,No,C
APP_1785,58,619679.0,858,187407.0,38.5,No,X
APP_1786,56,222007.0,751,117605.0,38.6,No,0
APP_1787,18,813421.0,588,51339.0,11.6,No,0
APP_1788,20,241487.0,440,65135.0,19.2,No,0
APP_1789,30,967090.0,383,90159.0,38.9,No,0
APP_1790,45,865525.0,690,24266.0,0.2,Yes,0
APP_1791,74,735100.0,890,249670.0,16.5,No,X
APP_1792,66,196574.0,514,22465.0,4.0,No,2
APP_1793,42,342519.0,825,110714.0,20.4,No,X
APP_1794,73,317394.0,514,19615.0,1.0,No,0
APP_1795,50,380925.0,702,69554.0,16.3,No,C
APP_1796,55,221276.0,427,95126.0,8.8,No,0
APP_1797,70,1423778.0,776,342245.0,21.3,No,C
APP_1798,23,543147.0,703,187527.0,39.8,No,X
APP_1799,61,344069.0,328,122524.0,32.0,No,0
APP_1800,62,407613.0,637,189159.0,33.8,Yes,3
APP_1801,49,446744.0,660,79836.0,25.4,Yes,0
APP_1802,62,593000.0,868,224161.0,1.7,No,C
APP_1803,64,506254.0,691,267752.0,8.3,No,X
APP_1804,38,1313171.0,517,527414.0,37.0,No,0
APP_1805,33,489192.0,873,131802.0,14.6,No,X
APP_1806,71,2361718.0,501,819267.0,4.1,No,X
APP_1807,38,1037999.0,316,422285.0,28.1,No,C
APP_1808,28,285227.0,621,96051.0,12.0,No,2
APP_1809,54,1380510.0,817,12662.0,10.8,No,C
APP_1810,53,235671.0,869,25246.0,39.9,No,C
APP_1811,52,945328.0,624,421387.0,34.3,No,C
APP_1812,36,395569.0,711,59319.0,16.3,No,C
APP_1813,37,1126586.0,617,453292.0,39.2,No,2
APP_1814,74,1091422.0,381,223377.0,26.0,No,0
APP_1815,35,917781.0,773,263436.0,29.7,No,C
APP_1816,64,882357.0,767,32987.0,1.3,No,X
APP_1817,58,343522.0,724,34240.0,4.9,Yes,0
APP_1818,66,217972.0,503,114753.0,25.3,No,0
APP_1819,31,412112.0,882,201760.0,36.0,No,X
APP_1820,32,265763.0,686,95343.0,24.9,No,X
APP_1821,48,714277.0,397,180573.0,5.4,No,X
APP_1822,18,371160.0,644,137949.0,4.6,No,0
APP_1823,70,1851116.0,507,629816.0,33.8,No,0
APP_1824,71,640960.0,813,200431.0,5.6,No,X
APP_1825,71,957904.0,885,31177.0,20.8,Yes,0
APP_1826,20,243976.0,465,84914.0,1.5,No,2
APP_1827,33,1071273.0,321,453048.0,3.2,No,X
APP_1828,40,1332361.0,453,728461.0,26.9,No,1
APP_1829,74,480420.0,738,2927.0,27.6,No,X
APP_1830,28,599421.0,594,240725.0,13.7,No,0
APP_1831,29,831312.0,518,261435.0,8.6,No,0
APP_1832,27,266479.0,794,63616.0,32.5,No,C
APP_1833,49,494232.0,529,34677.0,8.7,No,0
APP_1834,33,408870.0,319,91994.0,21.7,No,1
APP_1835,25,251218.0,852,48964.0,38.7,Yes,1
APP_1836,55,386158.0,447,64317.0,5.9,No,X
APP_1837,29,211773.0,407,85129.0,37.6,No,0
APP_1838,41,191768.0,702,73907.0,7.3,No,X
APP_1839,45,245348.0,895,79483.0,22.7,No,0
APP_1840,70,1664979.0,782,859571.0,15.1,No,0
APP_1841,25,538858.0,666,103687.0,38.6,Yes,1
APP_1842,45,1699280.0,713,227858.0,10.9,Yes,0
APP_1843,53,434930.0,608,156900.0,16.0,Yes,5
APP_1844,43,348165.0,433,38071.0,39.3,No,1
APP_1845,25,497478.0,582,86191.0,21.5,Yes,5
APP_1846,67,440526.0,372,54419.0,20.1,No,X
APP_1847,45,230254.0,780,8758.0,10.3,No,X
APP_1848,45,640777.0,651,291633.0,28.1,No,0
APP_1849,54,289528.0,859,40533.0,0.6,No,C
APP_1850,58,614925.0,625,159982.0,2.0,No,1
APP_1851,53,652679.0,742,15549.0,24.0,No,C
APP_1852,44,254207.0,399,97777.0,13.7,No,0
APP_1853,71,208490.0,358,37905.0,38.1,No,C
APP_1854,34,862918.0,807,353456.0,36.1,No,C
APP_1855,26,457117.0,557,103684.0,28.5,No,0
APP_1856,50,206966.0,712,22283.0,32.7,No,C
APP_1857,70,2552369.0,751,720397.0,26.7,No,C
APP_1858,37,206783.0,364,14842.0,5.0,No,0
APP_1859,30,714402.0,894,173097.0,30.6,No,C
APP_1860,45,2031884.0,453,354600.0,8.4,No,C
APP_1861,65,303011.0,565,151984.0,12.9,No,0
APP_1862,46,249049.0,378,8346.0,32.8,No,0
APP_1863,30,238234.0,614,90936.0,21.5,No,0
APP_1864,63,342614.0,859,34437.0,34.4,No,X
APP_1865,52,227935.0,547,39997.0,8.5,No,1
APP_1866,23,710181.0,713,162300.0,24.3,No,C
APP_1867,35,208942.0,324,104348.0,3.4,No,5
APP_1868,68,500477.0,583,66773.0,25.7,No,0
APP_1869,22,2750796.0,748,138145.0,30.5,No,X
APP_1870,64,936832.0,600,164207.0,23.4,No,C
APP_1871,42,609787.0,367,35107.0,10.6,No,C
APP_1872,19,344542.0,306,24369.0,1.3,No,1
APP_1873,27,620050.0,436,195699.0,4.8,No,X
APP_1874,73,516936.0,463,17315.0,24.9,No,C
APP_1875,47,429872.0,382,7313.0,37.4,No,0
APP_1876,67,243036.0,719,95495.0,8.3,No,X
APP_1877,62,1159592.0,372,230650.0,29.4,No,X
APP_1878,22,448850.0,536,30951.0,34.7,No,0
APP_1879,72,277400.0,345,38694.0,20.8,No,0
APP_1880,73,386318.0,561,136427.0,26.8,No,C
APP_1881,50,420596.0,475,63739.0,32.6,No,X
APP_1882,71,970910.0,465,264075.0,10.4,No,C
APP_1883,18,775265.0,669,51890.0,11.9,No,C
APP_1884,35,839996.0,353,271698.0,0.0,No,1
APP_1885,49,184992.0,718,32159.0,38.5,No,C
APP_1886,64,422153.0,806,145572.0,36.7,No,X
APP_1887,66,475432.0,640,211385.0,30.6,No,0
APP_1888,28,188720.0,426,63487.0,3.2,No,0
APP_1889,38,315384.0,708,51301.0,17.9,No,C
APP_1890,43,822746.0,666,115727.0,4.1,No,C
APP_1891,42,246360.0,570,44365.0,0.6,No,X
APP_1892,39,524873.0,678,47523.0,24.6,No,C
APP_1893,44,289048.0,372,28802.0,38.4,No,0
APP_1894,66,185488.0,547,80665.0,36.1,No,X
APP_1895,30,304209.0,342,64371.0,27.9,No,C
APP_1896,50,1856005.0,676,445065.0,3.9,No,C
APP_1897,51,907719.0,340,296576.0,11.0,No,0
APP_1898,58,1623756.0,469,526599.0,12.8,Yes,2
APP_1899,52,481116.0,511,17829.0,30.5,No,C
APP_1900,18,232307.0,792,106245.0,32.1,No,0
APP_1901,38,537293.0,338,52402.0,15.4,No,0
APP_1902,65,452622.0,668,180003.0,16.7,No,X
APP_1903,72,1017086.0,450,432230.0,1.8,No,0
APP_1904,23,226455.0,410,89041.0,11.6,No,0
APP_1905,45,481456.0,779,153314.0,18.1,No,0
APP_1906,34,253159.0,735,2034.0,4.7,No,X
APP_1907,22,356653.0,346,70691.0,18.1,No,0
APP_1908,48,781632.0,874,260019.0,34.1,No,X
APP_1909,22,470834.0,665,100334.0,23.3,No,X
APP_1910,55,392142.0,368,186234.0,3.2,No,0
APP_1911,20,405748.0,598,68913.0,7.7,No,1
APP_1912,70,456823.0,595,73751.0,19.0,No,C
APP_1913,40,871737.0,502,127534.0,14.5,No,X
APP_1914,54,1181884.0,360,216320.0,14.3,No,0
APP_1915,70,1578851.0,613,484033.0,21.2,No,1
APP_1916,54,875704.0,460,340525.0,23.4,No,C
APP_1917,27,350519.0,630,127733.0,31.9,No,0
APP_1918,27,704333.0,827,312896.0,13.6,No,C
APP_1919,36,438996.0,637,213902.0,32.2,No,5
APP_1920,34,312268.0,603,140159.0,13.5,No,C
APP_1921,38,1007120.0,802,10494.0,2.2,No,C
APP_1922,31,197633.0,637,79993.0,22.2,No,X
APP_1923,26,1224163.0,849,140313.0,23.5,Yes,0
APP_1924,63,458517.0,574,33522.0,37.4,No,0
APP_1925,18,636258.0,463,223434.0,29.0,No,1
APP_1926,68,664610.0,742,116877.0,36.7,No,0
APP_1927,62,1194713.0,618,37531.0,36.3,No,1
APP_1928,30,635599.0,888,48113.0,24.2,No,C
APP_1929,21,608286.0,803,311.0,21.1,No,X
APP_1930,18,211040.0,686,104839.0,22.3,No,C
APP_1931,66,508796.0,793,6889.0,39.1,No,C
APP_1932,57,253223.0,789,29171.0,30.9,Yes,5
APP_1933,49,781763.0,372,178980.0,4.3,No,0
APP_1934,51,503053.0,808,98656.0,31.1,No,X
APP_1935,45,693066.0,689,347537.0,6.8,No,X
APP_1936,48,199155.0,594,4413.0,17.9,No,0
APP_1937,25,219872.0,668,61942.0,8.4,No,C
APP_1938,56,746964.0,848,279562.0,27.6,No,X
APP_1939,43,213666.0,867,109490.0,35.1,No,X
APP_1940,51,213265.0,486,72767.0,11.6,No,1
APP_1941,71,185482.0,744,81995.0,3.3,No,0
APP_1942,71,1590762.0,869,73253.0,11.9,No,0
APP_1943,20,781891.0,662,165969.0,26.9,No,X
APP_1944,67,376109.0,422,77355.0,13.2,No,1
APP_1945,29,338282.0,487,164898.0,11.1,No,0
APP_1946,18,373647.0,719,31108.0,7.4,No,X
APP_1947,71,850552.0,551,71053.0,19.9,No,X
APP_1948,61,667282.0,848,120583.0,11.0,No,X
APP_1949,22,272163.0,634,8153.0,29.2,No,X
APP_1950,47,266082.0,391,26702.0,3.1,No,C
APP_1951,47,226611.0,829,120300.0,26.6,No,X
APP_1952,74,665865.0,362,156812.0,9.5,No,0
APP_1953,34,830477.0,811,288682.0,19.6,No,C
APP_1954,65,318577.0,438,127227.0,11.4,Yes,3
APP_1955,64,189525.0,484,38252.0,28.9,No,X
APP_1956,40,218585.0,504,17700.0,37.8,No,0
APP_1957,32,1726945.0,513,196215.0,36.7,No,C
APP_1958,54,337585.0,555,58165.0,23.3,No,0
APP_1959,38,839837.0,434,293807.0,18.5,No,X
APP_1960,31,620970.0,872,136026.0,32.7,No,C
APP_1961,19,396526.0,387,1486.0,27.3,No,C
APP_1962,28,283625.0,506,81648.0,7.3,No,C
APP_1963,68,238235.0,428,120745.0,32.8,No,1
APP_1964,56,609546.0,302,272249.0,17.2,No,X
APP_1965,55,850513.0,420,386019.0,7.6,No,2
APP_1966,51,644650.0,684,281894.0,11.3,No,C
APP_1967,55,520050.0,337,92596.0,10.7,No,0
APP_1968,67,199285.0,640,83871.0,20.8,No,C
APP_1969,51,1735835.0,320,136677.0,9.4,No,1
APP_1970,35,901363.0,541,326063.0,4.9,No,X
APP_1971,47,335913.0,754,118531.0,4.9,No,X
APP_1972,32,1939743.0,602,27279.0,23.3,No,X
APP_1973,44,594453.0,895,257626.0,29.4,No,X
APP_1974,68,572978.0,894,284648.0,12.9,No,C
APP_1975,51,800377.0,368,117718.0,1.4,No,C
APP_1976,69,931540.0,428,416226.0,5.1,No,0
APP_1977,74,660828.0,495,29951.0,36.6,Yes,2
APP_1978,55,241684.0,439,79751.0,19.7,No,C
APP_1979,50,365802.0,743,97708.0,18.1,Yes,0
APP_1980,41,1364513.0,582,409706.0,1.5,No,C
APP_1981,32,294478.0,611,150011.0,29.1,No,1
APP_1982,47,389466.0,834,186641.0,21.1,No,C
APP_1983,72,434596.0,576,187657.0,8.1,No,0
APP_1984,59,440440.0,360,66301.0,4.4,Yes,3
APP_1985,68,607129.0,618,304475.0,15.3,No,0
APP_1986,34,1469716.0,351,78820.0,33.5,No,X
APP_1987,22,303907.0,452,142633.0,34.6,No,0
APP_1988,46,238293.0,610,43009.0,24.1,No,C
APP_1989,21,278994.0,843,8251.0,29.1,No,X
APP_1990,27,1160866.0,866,427369.0,4.6,No,X
APP_1991,73,647066.0,688,82309.0,23.5,No,C
APP_1992,34,331534.0,847,44414.0,26.7,No,C
APP_1993,27,941639.0,476,158502.0,8.0,Yes,2
APP_1994,34,1069176.0,661,37450.0,35.2,No,0
APP_1995,37,1023367.0,613,99696.0,7.8,No,0
APP_1996,41,1310580.0,396,3705.0,12.5,No,X
APP_1997,22,310804.0,512,76139.0,24.8,No,C
APP_1998,51,813001.0,436,37675.0,25.5,No,0
APP_1999,23,457734.0,305,171860.0,28.0,No,C
APP_2000,70,1010318.0,408,130930.0,4.5,No,0
APP_2001,19,766691.0,846,397887.0,34.0,No,C
APP_2002,30,854149.0,338,409298.0,21.3,No,5
APP_2003,60,660413.0,724,105133.0,18.9,No,C
APP_2004,60,267894.0,560,115400.0,39.2,Yes,5
APP_2005,65,534383.0,725,236082.0,29.6,No,X
APP_2006,28,2060067.0,386,1117812.0,4.7,No,0
APP_2007,68,1426860.0,764,469169.0,30.3,No,C
APP_2008,64,199860.0,375,9010.0,3.8,No,C
APP_2009,74,261046.0,770,92870.0,1.1,No,C
APP_2010,40,243563.0,713,83722.0,16.1,No,0
APP_2011,72,762549.0,756,267726.0,39.7,No,C
APP_2012,33,946156.0,584,159834.0,7.0,No,0
APP_2013,48,288080.0,538,136211.0,26.9,Yes,3
APP_2014,28,497215.0,898,262385.0,6.9,No,X
APP_2015,71,1006643.0,857,120537.0,29.0,No,C
APP_2016,33,773894.0,671,37521.0,20.2,No,C
APP_2017,25,531632.0,794,56882.0,27.2,No,C
APP_2018,21,581601.0,344,262479.0,8.1,No,5
APP_2019,57,499504.0,700,185893.0,29.8,No,C
APP_2020,21,338930.0,546,118567.0,39.8,No,5
APP_2021,73,554607.0,896,122560.0,26.6,No,X
APP_2022,42,705417.0,749,224185.0,19.7,No,0
APP_2023,20,1109751.0,784,187915.0,36.9,No,C
APP_2024,49,635131.0,317,166697.0,0.6,No,1
APP_2025,20,824310.0,588,359551.0,29.2,No,1
APP_2026,44,258497.0,713,139507.0,35.5,No,C
APP_2027,46,458584.0,534,235193.0,2.5,No,X
APP_2028,49,184219.0,715,94620.0,18.0,Yes,2
APP_2029,67,307469.0,798,68019.0,8.2,No,C
APP_2030,68,763341.0,414,196816.0,22.7,No,1
APP_2031,36,2342176.0,533,908997.0,26.0,No,0
APP_2032,38,227001.0,839,115136.0,12.1,No,0
APP_2033,22,410994.0,310,32097.0,18.4,No,1
APP_2034,35,904407.0,505,151337.0,11.2,No,C
APP_2035,45,282690.0,546,21650.0,14.8,No,0
APP_2036,59,544442.0,858,183262.0,6.4,No,X
APP_2037,39,774348.0,426,130451.0,35.4,No,0
APP_2038,38,610684.0,446,109532.0,0.4,No,0
APP_2039,23,273728.0,417,10676.0,35.3,No,X
APP_2040,18,377596.0,681,72645.0,22.9,No,C
APP_2041,22,869181.0,711,412316.0,13.3,No,0
APP_2042,58,543575.0,883,69681.0,28.9,No,0
APP_2043,29,182360.0,662,69726.0,20.3,No,X
APP_2044,43,824064.0,808,285370.0,20.0,No,X
APP_2045,63,196177.0,436,93168.0,4.4,No,0
APP_2046,51,796218.0,474,57932.0,15.6,No,0
APP_2047,66,281812.0,588,151523.0,9.6,No,0
APP_2048,31,1607327.0,780,515061.0,0.6,No,C
APP_2049,43,386447.0,318,211584.0,14.4,No,5
APP_2050,62,358159.0,494,179557.0,3.6,No,1
APP_2051,44,252545.0,629,30769.0,10.3,No,1
APP_2052,26,344121.0,474,10630.0,3.7,No,X
APP_2053,43,1121731.0,748,157717.0,4.0,No,X
APP_2054,74,2703936.0,653,784574.0,8.0,No,C
APP_2055,64,386710.0,798,36497.0,40.0,No,X
APP_2056,74,447891.0,440,41252.0,0.1,No,X
APP_2057,39,756175.0,392,192391.0,25.5,No,C
APP_2058,64,1157974.0,538,21188.0,5.6,No,0
APP_2059,73,584573.0,504,39189.0,36.8,No,X
APP_2060,47,403560.0,859,92304.0,3.7,No,X
APP_2061,60,419439.0,732,14564.0,38.2,No,X
APP_2062,65,715263.0,544,156081.0,24.4,No,C
APP_2063,34,181451.0,616,47305.0,0.1,Yes,0
APP_2064,43,614927.0,594,152623.0,35.8,Yes,0
APP_2065,53,377671.0,581,180544.0,20.9,No,0
APP_2066,18,891377.0,316,259867.0,10.5,No,5
APP_2067,25,223921.0,370,57635.0,30.7,No,C
APP_2068,66,579250.0,568,130847.0,37.1,No,X
APP_2069,52,475110.0,624,213653.0,19.3,Yes,0
APP_2070,69,642659.0,604,316369.0,12.6,No,0
APP_2071,32,210173.0,750,98631.0,31.6,Yes,3
APP_2072,64,570358.0,306,211289.0,27.3,Yes,3
APP_2073,73,550962.0,613,41625.0,35.6,No,X
APP_2074,39,550117.0,402,83771.0,27.7,No,0
APP_2075,31,596272.0,492,15106.0,9.7,No,0
APP_2076,43,687806.0,873,352124.0,37.3,No,X
APP_2077,45,915615.0,828,332770.0,4.2,Yes,0
APP_2078,40,321509.0,470,131979.0,10.7,No,0
APP_2079,31,964463.0,836,165275.0,20.8,No,C
APP_2080,41,490349.0,550,228066.0,22.6,No,0
APP_2081,19,216085.0,686,30853.0,0.6,No,0
APP_2082,62,207151.0,506,187.0,31.2,Yes,3
APP_2083,43,363071.0,840,75166.0,14.5,No,0
APP_2084,31,871487.0,715,273576.0,16.3,No,C
APP_2085,73,733459.0,679,193111.0,32.4,No,C
APP_2086,68,879333.0,443,416929.0,15.2,No,0
APP_2087,24,507733.0,324,29435.0,1.9,No,0
APP_2088,20,441078.0,372,134354.0,7.1,Yes,3
APP_2089,64,251787.0,392,71039.0,38.2,No,X
APP_2090,40,359003.0,804,55561.0,2.8,No,X
APP_2091,63,436138.0,897,197233.0,14.2,No,X
APP_2092,60,221748.0,635,91819.0,20.1,No,X
APP_2093,64,292161.0,724,117762.0,19.7,No,X
APP_2094,62,590339.0,798,284488.0,0.2,No,X
APP_2095,35,778739.0,663,309573.0,20.0,No,X
APP_2096,55,3062463.0,498,390503.0,15.4,No,C
APP_2097,52,1397140.0,712,542173.0,38.9,No,C
APP_2098,68,642961.0,638,108813.0,6.4,No,X
APP_2099,32,426097.0,728,56754.0,14.2,No,C
APP_2100,42,634990.0,438,25496.0,16.8,No,0
APP_2101,72,873069.0,841,357273.0,15.6,No,C
APP_2102,54,236675.0,356,92552.0,26.6,No,0
APP_2103,45,417362.0,531,53829.0,8.6,No,X
APP_2104,27,1004106.0,734,413851.0,8.8,No,C
APP_2105,56,397907.0,683,200868.0,29.2,No,X
APP_2106,74,561750.0,859,33377.0,20.0,No,X
APP_2107,34,578778.0,493,74055.0,16.6,No,0
APP_2108,56,271766.0,833,112143.0,6.8,No,X
APP_2109,39,382404.0,817,57735.0,7.5,Yes,3
APP_2110,43,363255.0,484,124802.0,0.4,Yes,3
APP_2111,61,191946.0,591,8569.0,3.7,No,C
APP_2112,42,191020.0,634,47509.0,22.3,No,C
APP_2113,34,981895.0,415,399141.0,35.7,No,1
APP_2114,30,323517.0,348,122154.0,11.5,No,0
APP_2115,37,508489.0,381,227950.0,13.1,No,0
APP_2116,42,339685.0,632,163932.0,4.6,No,0
APP_2117,21,1451158.0,856,617106.0,15.5,No,C
APP_2118,27,315070.0,634,116378.0,1.5,No,X
APP_2119,20,432683.0,831,7549.0,36.7,No,C
APP_2120,58,1107651.0,520,325906.0,26.9,No,X
APP_2121,62,1010133.0,622,20944.0,39.6,No,X
APP_2122,35,272664.0,302,121182.0,35.3,Yes,0
APP_2123,64,910234.0,505,160564.0,18.9,Yes,2
APP_2124,53,455775.0,339,140988.0,20.8,No,X
APP_2125,64,476843.0,358,73288.0,7.6,No,C
APP_2126,39,244472.0,873,105214.0,18.5,No,X
APP_2127,51,217816.0,806,106202.0,36.1,No,C
APP_2128,64,765779.0,871,167900.0,2.0,No,X
APP_2129,25,488742.0,421,231961.0,34.5,No,0
APP_2130,57,438395.0,778,64396.0,13.6,No,X
APP_2131,66,768381.0,395,225953.0,36.0,No,C
APP_2132,61,832660.0,713,393281.0,37.6,No,C
APP_2133,36,257874.0,534,46220.0,26.8,No,2
APP_2134,59,603984.0,361,316924.0,26.6,No,0
APP_2135,58,245446.0,555,16453.0,18.1,No,X
APP_2136,54,806314.0,860,8104.0,33.4,No,X
APP_2137,23,661452.0,647,328923.0,38.5,No,0
APP_2138,69,1591935.0,423,60106.0,31.0,No,X
APP_2139,43,212153.0,781,115738.0,24.9,No,X
APP_2140,51,206436.0,616,108021.0,24.3,No,2
APP_2141,73,329196.0,803,24809.0,34.0,No,C
APP_2142,62,316536.0,347,93591.0,21.6,No,0
APP_2143,23,307648.0,708,31290.0,32.2,No,X
APP_2144,54,1245228.0,435,293233.0,20.4,No,0
APP_2145,74,309185.0,500,10445.0,2.5,No,X
APP_2146,50,322823.0,549,39758.0,15.4,No,0
APP_2147,70,821076.0,613,164051.0,17.8,No,X
APP_2148,39,448814.0,667,108279.0,5.7,No,C
APP_2149,38,854679.0,728,459495.0,4.1,No,X
APP_2150,23,210420.0,779,93495.0,21.4,No,C
APP_2151,23,480867.0,613,195028.0,3.4,No,2
APP_2152,72,195386.0,799,57712.0,12.1,No,X
APP_2153,65,209116.0,654,96611.0,29.8,No,C
APP_2154,21,1246106.0,784,232558.0,38.6,No,X
APP_2155,47,247476.0,510,96489.0,28.7,No,0
APP_2156,28,522084.0,343,285361.0,39.7,No,1
APP_2157,47,418271.0,840,72380.0,27.9,No,X
APP_2158,48,372017.0,870,137910.0,11.8,No,C
APP_2159,41,1215414.0,882,564406.0,26.9,No,C
APP_2160,72,189929.0,391,95666.0,28.1,No,C
APP_2161,26,670508.0,564,264759.0,14.9,No,X
APP_2162,72,1668400.0,519,260244.0,0.7,No,X
APP_2163,20,549613.0,741,98631.0,28.1,No,X
APP_2164,68,1422813.0,700,16244.0,0.9,No,C
APP_2165,48,204153.0,699,85435.0,25.2,No,X
APP_2166,57,424192.0,875,9971.0,6.5,No,X
APP_2167,54,315593.0,789,150083.0,22.6,No,0
APP_2168,53,770570.0,784,50290.0,20.2,No,X
APP_2169,41,1970584.0,769,186283.0,0.5,No,0
APP_2170,48,313392.0,873,82137.0,14.5,No,C
APP_2171,23,657820.0,744,266966.0,24.0,No,C
APP_2172,19,279346.0,568,21356.0,33.9,No,1
APP_2173,37,554926.0,566,134314.0,35.5,No,C
APP_2174,45,460573.0,353,122313.0,19.4,No,C
APP_2175,28,1789084.0,827,208888.0,29.1,No,0
APP_2176,21,602028.0,819,38263.0,12.7,No,X
APP_2177,32,373511.0,358,171827.0,13.7,No,1
APP_2178,23,234516.0,339,64810.0,7.8,No,C
APP_2179,71,253794.0,536,2007.0,22.5,No,0
APP_2180,66,294886.0,685,130233.0,12.6,No,X
APP_2181,47,310037.0,599,167245.0,3.4,Yes,3
APP_2182,73,1035556.0,694,345109.0,27.4,No,C
APP_2183,55,550694.0,506,152564.0,28.3,No,0
APP_2184,68,513476.0,635,248075.0,14.4,No,2
APP_2185,74,234858.0,892,123038.0,3.1,No,C
APP_2186,19,1065200.0,813,442053.0,17.1,No,X
APP_2187,32,757380.0,477,185558.0,17.7,No,0
APP_2188,28,211530.0,695,68900.0,26.7,No,X
APP_2189,25,733697.0,670,282851.0,12.6,No,0
APP_2190,43,532913.0,617,56942.0,27.3,No,X
APP_2191,68,218366.0,668,53710.0,34.9,No,C
APP_2192,62,455870.0,683,208060.0,9.5,No,C
APP_2193,61,478349.0,361,172253.0,39.2,No,X
APP_2194,22,261563.0,804,59156.0,15.5,No,0
APP_2195,23,1490939.0,538,543968.0,10.7,Yes,3
APP_2196,43,1033630.0,494,67209.0,16.9,No,0
APP_2197,71,677567.0,521,149623.0,3.8,No,X
APP_2198,21,459201.0,360,200313.0,5.0,No,X
APP_2199,36,418783.0,428,50790.0,16.6,No,X
APP_2200,37,653673.0,455,66857.0,30.5,No,2
APP_2201,50,534783.0,677,279665.0,36.0,No,0
APP_2202,37,208933.0,885,24120.0,26.6,No,C
APP_2203,66,503312.0,736,72228.0,4.2,No,X
APP_2204,29,918891.0,506,490034.0,26.9,No,0
APP_2205,64,456651.0,687,184528.0,25.4,No,C
APP_2206,18,204010.0,779,78498.0,32.2,No,C
APP_2207,43,874386.0,639,410183.0,33.0,No,4
APP_2208,31,281182.0,639,17912.0,34.7,No,0
APP_2209,55,314659.0,503,122175.0,16.6,No,1
APP_2210,54,260987.0,460,72301.0,27.9,Yes,1
APP_2211,28,360359.0,839,164336.0,10.7,No,X
APP_2212,53,816152.0,691,228097.0,40.0,No,0
APP_2213,30,509711.0,874,173879.0,7.0,No,C
APP_2214,60,283169.0,833,74405.0,0.4,No,X
APP_2215,20,1126054.0,369,296138.0,6.0,No,1
APP_2216,50,1132553.0,704,478372.0,31.0,No,C
APP_2217,23,1100106.0,890,380319.0,17.9,No,X
APP_2218,67,302784.0,816,105458.0,17.9,No,X
APP_2219,73,450042.0,419,111455.0,38.2,No,C
APP_2220,27,2069557.0,516,604539.0,36.8,No,0
APP_2221,22,845309.0,355,346699.0,12.4,No,C
APP_2222,40,192394.0,665,87399.0,8.4,No,C
APP_2223,27,210342.0,803,80584.0,33.9,No,0
APP_2224,61,460572.0,754,234081.0,36.2,Yes,C
APP_2225,19,1259693.0,403,568346.0,21.7,No,2
APP_2226,30,528170.0,376,163218.0,25.2,No,C
APP_2227,57,489952.0,529,180926.0,10.3,No,0
APP_2228,19,230157.0,557,117258.0,32.0,No,3
APP_2229,37,661223.0,563,225174.0,25.3,No,0
APP_2230,18,956948.0,630,434114.0,20.1,No,1
APP_2231,54,395421.0,481,149804.0,2.4,No,C
APP_2232,26,852470.0,849,258780.0,36.6,No,0
APP_2233,34,1681904.0,326,223712.0,24.6,No,0
APP_2234,26,282538.0,575,66198.0,7.7,No,0
APP_2235,28,513419.0,598,273271.0,24.3,No,5
APP_2236,32,332310.0,390,120220.0,27.1,No,X
APP_2237,41,888450.0,779,275790.0,21.0,No,C
APP_2238,55,567804.0,872,291355.0,28.7,Yes,4
APP_2239,72,633022.0,757,204201.0,23.3,No,C
APP_2240,52,899578.0,750,260289.0,37.9,No,0
APP_2241,47,406859.0,664,169913.0,2.1,No,C
APP_2242,48,1289774.0,650,505548.0,4.2,No,C
APP_2243,66,522670.0,699,55527.0,6.9,No,C
APP_2244,22,257365.0,552,66714.0,27.6,Yes,2
APP_2245,61,715678.0,758,185993.0,25.8,No,C
APP_2246,67,889335.0,798,185003.0,35.7,No,C
APP_2247,31,351410.0,807,99980.0,29.3,No,X
APP_2248,70,1055774.0,603,239881.0,20.3,No,C
APP_2249,73,1244694.0,800,136468.0,39.7,No,X
APP_2250,28,325896.0,897,73914.0,10.6,No,X
APP_2251,26,2027564.0,465,80600.0,33.3,No,0
APP_2252,51,248243.0,714,78614.0,17.1,No,X
APP_2253,29,281550.0,761,132190.0,25.9,No,1
APP_2254,52,271627.0,413,108354.0,29.1,No,0
APP_2255,52,1189899.0,732,235858.0,25.4,Yes,1
APP_2256,18,657973.0,655,31510.0,5.6,No,X
APP_2257,57,254249.0,506,28268.0,17.7,No,0
APP_2258,39,441178.0,534,132362.0,22.5,No,0
APP_2259,46,609879.0,741,69454.0,34.0,No,X
APP_2260,25,219219.0,654,65587.0,17.7,No,X
APP_2261,28,1143272.0,814,145629.0,36.7,No,C
APP_2262,58,912429.0,507,426020.0,17.6,No,4
APP_2263,54,496627.0,424,108513.0,22.0,No,C
APP_2264,31,1716791.0,437,231858.0,31.9,No,X
APP_2265,47,423393.0,638,189163.0,23.3,No,0
APP_2266,52,2043938.0,836,385408.0,38.4,No,C
APP_2267,38,676071.0,367,41455.0,26.4,Yes,4
APP_2268,54,633131.0,872,198629.0,20.9,No,C
APP_2269,22,261661.0,840,83695.0,0.9,No,C
APP_2270,36,1141406.0,682,448667.0,16.5,No,X
APP_2271,31,430976.0,318,56941.0,12.0,Yes,0
APP_2272,43,259657.0,749,63376.0,29.9,No,0
APP_2273,21,185709.0,373,28841.0,8.3,No,0
APP_2274,42,549191.0,872,24453.0,8.2,No,X
APP_2275,62,517277.0,575,249399.0,7.6,No,C
APP_2276,59,751797.0,347,301379.0,5.0,No,0
APP_2277,42,1174331.0,510,194710.0,12.4,No,1
APP_2278,35,217232.0,839,71612.0,35.4,No,C
APP_2279,57,771701.0,490,85424.0,31.0,No,C
APP_2280,25,273389.0,614,133859.0,29.4,No,0
APP_2281,56,1058929.0,862,66923.0,31.9,No,C
APP_2282,57,949324.0,861,2003.0,10.8,No,C
APP_2283,31,530215.0,412,146395.0,35.5,No,X
APP_2284,49,737420.0,469,236506.0,5.5,No,X
APP_2285,68,349825.0,767,111395.0,13.5,Yes,0
APP_2286,55,466688.0,313,13992.0,23.5,No,0
APP_2287,50,955770.0,587,165085.0,4.1,No,X
APP_2288,40,456672.0,488,125384.0,29.2,No,C
APP_2289,32,379284.0,454,45180.0,15.5,No,0
APP_2290,50,486737.0,866,233607.0,31.4,No,C
APP_2291,42,972770.0,770,46606.0,19.7,Yes,C
APP_2292,34,363727.0,374,97501.0,7.2,Yes,2
APP_2293,50,265892.0,576,101113.0,29.4,No,X
APP_2294,64,740180.0,642,106559.0,10.1,No,1
APP_2295,72,966859.0,724,331954.0,19.6,No,C
APP_2296,19,227731.0,870,103882.0,3.0,Yes,5
APP_2297,31,303422.0,810,31764.0,24.7,No,X
APP_2298,70,248903.0,481,125565.0,26.6,No,2
APP_2299,57,372429.0,757,113389.0,15.1,No,C
APP_2300,57,449314.0,363,73947.0,38.2,No,0
APP_2301,68,801725.0,559,189986.0,35.0,No,X
APP_2302,56,653898.0,492,112278.0,28.3,Yes,1
APP_2303,68,616514.0,705,245873.0,28.5,No,0
APP_2304,23,375500.0,392,164456.0,10.1,No,X
APP_2305,23,1008751.0,729,462125.0,26.3,No,C
APP_2306,20,466789.0,733,253080.0,7.9,No,0
APP_2307,24,1920709.0,703,835905.0,5.8,No,X
APP_2308,68,632480.0,733,209200.0,40.0,No,0
APP_2309,25,240740.0,411,44915.0,24.9,No,0
APP_2310,59,687402.0,674,205896.0,17.2,No,X
APP_2311,69,356939.0,358,8062.0,11.5,No,0
APP_2312,32,701732.0,342,287467.0,24.2,No,C
APP_2313,64,212483.0,506,52117.0,2.0,No,0
APP_2314,46,266503.0,595,2935.0,3.8,Yes,1
APP_2315,50,1051254.0,417,36141.0,1.3,No,0
APP_2316,69,295969.0,831,63073.0,20.0,No,C
APP_2317,47,996416.0,521,319732.0,24.0,No,X
APP_2318,56,327375.0,465,83583.0,2.5,No,C
APP_2319,44,643360.0,455,219104.0,28.8,No,X
APP_2320,53,713098.0,483,188373.0,9.2,No,X
APP_2321,46,503452.0,389,183225.0,27.4,No,0
APP_2322,55,343931.0,393,41450.0,39.3,No,0
APP_2323,74,287584.0,312,17849.0,27.6,No,X
APP_2324,50,195189.0,737,64029.0,35.3,No,0
APP_2325,54,343048.0,837,91449.0,37.9,No,C
APP_2326,44,656505.0,886,9701.0,19.5,No,X
APP_2327,72,1433497.0,449,299981.0,28.1,No,C
APP_2328,50,1102288.0,307,64340.0,34.1,Yes,3
APP_2329,21,833720.0,328,243652.0,14.3,No,X
APP_2330,39,878977.0,595,191334.0,10.5,No,X
APP_2331,19,672111.0,639,226658.0,37.9,No,X
APP_2332,27,315672.0,738,139868.0,29.1,No,C
APP_2333,22,1249765.0,443,205983.0,8.8,Yes,2
APP_2334,27,679898.0,818,359772.0,18.0,No,X
APP_2335,50,549892.0,344,161998.0,31.9,Yes,0
APP_2336,71,232941.0,538,79214.0,21.9,Yes,0
APP_2337,55,446624.0,454,167203.0,26.0,No,X
APP_2338,30,457582.0,480,167797.0,30.2,No,1
APP_2339,48,1079664.0,514,303422.0,24.9,No,1
APP_2340,64,535989.0,387,126397.0,21.6,Yes,1
APP_2341,53,395407.0,555,11696.0,30.0,No,C
APP_2342,62,1873628.0,810,22759.0,29.1,No,X
APP_2343,41,232805.0,372,45834.0,25.2,No,0
APP_2344,69,427109.0,478,78380.0,14.4,No,1
APP_2345,73,199320.0,511,42501.0,16.2,No,1
APP_2346,32,786017.0,533,59818.0,38.8,No,C
APP_2347,46,1305887.0,764,530180.0,4.5,No,0
APP_2348,25,327850.0,522,154526.0,10.7,No,0
APP_2349,22,1059452.0,563,546988.0,19.7,No,2
APP_2350,46,335529.0,506,90861.0,33.5,No,0
APP_2351,64,1267443.0,665,488569.0,6.5,No,C
APP_2352,21,811021.0,575,381628.0,11.1,No,1
APP_2353,29,915425.0,679,210603.0,2.6,No,C
APP_2354,62,188177.0,608,32023.0,28.2,No,0
APP_2355,19,1661276.0,567,855887.0,9.5,No,1
APP_2356,44,763686.0,363,216598.0,15.5,No,X
APP_2357,48,343568.0,649,93962.0,17.7,No,X
APP_2358,68,975781.0,793,95752.0,35.7,No,C
APP_2359,68,328779.0,822,19557.0,16.5,No,C
APP_2360,53,1107734.0,397,513057.0,5.8,No,2
APP_2361,53,233747.0,370,78953.0,21.0,No,0
APP_2362,43,727351.0,663,130344.0,38.5,No,X
APP_2363,60,530122.0,869,55904.0,24.3,No,C
APP_2364,44,225683.0,575,68951.0,39.3,No,0
APP_2365,22,304619.0,349,97830.0,33.6,No,0
APP_2366,37,185617.0,657,21132.0,1.4,No,0
APP_2367,28,464650.0,863,217583.0,26.3,No,X
APP_2368,27,341318.0,784,15819.0,11.5,Yes,X
APP_2369,57,590487.0,383,115648.0,22.4,No,0
APP_2370,55,338732.0,883,126757.0,11.2,Yes,C
APP_2371,23,340452.0,595,51329.0,14.0,No,0
APP_2372,25,791744.0,535,360419.0,36.9,Yes,4
APP_2373,40,202203.0,355,82282.0,8.3,No,X
APP_2374,64,1229383.0,659,533506.0,35.0,No,X
APP_2375,43,1040547.0,409,68165.0,1.2,No,1
APP_2376,63,675914.0,491,52249.0,3.6,No,0
APP_2377,60,584769.0,392,92137.0,34.2,No,C
APP_2378,29,1182793.0,867,337028.0,25.2,No,C
APP_2379,43,272238.0,359,112001.0,29.9,No,C
APP_2380,30,217018.0,338,99848.0,8.4,No,1
APP_2381,57,303207.0,839,117458.0,21.5,No,C
APP_2382,35,892211.0,348,455677.0,29.5,No,0
APP_2383,42,195878.0,719,79587.0,25.1,No,X
APP_2384,50,573393.0,312,96586.0,18.9,No,0
APP_2385,64,2605450.0,335,379861.0,38.4,No,C
APP_2386,57,1051125.0,400,402482.0,27.0,No,C
APP_2387,60,511644.0,385,54275.0,36.3,No,1
APP_2388,29,209590.0,815,10688.0,29.2,No,C
APP_2389,61,981031.0,522,287170.0,29.4,Yes,0
APP_2390,53,591183.0,637,267157.0,3.2,No,0
APP_2391,65,234941.0,465,13100.0,14.4,No,2
APP_2392,21,224351.0,682,97714.0,34.3,Yes,1
APP_2393,22,1261713.0,675,563184.0,9.3,No,X
APP_2394,73,677809.0,770,179789.0,4.6,No,C
APP_2395,54,975497.0,330,30748.0,13.0,No,X
APP_2396,25,1130306.0,674,108537.0,8.8,No,C
APP_2397,59,561645.0,310,218527.0,37.0,No,1
APP_2398,66,507898.0,601,198831.0,34.7,No,0
APP_2399,45,433291.0,395,214087.0,20.0,No,1
APP_2400,48,351532.0,489,112658.0,2.5,No,X
APP_2401,26,436597.0,752,29802.0,28.6,No,C
APP_2402,71,849010.0,491,56695.0,24.9,Yes,1
APP_2403,68,594500.0,785,235792.0,38.8,No,0
APP_2404,46,1183716.0,565,119652.0,22.4,No,0
APP_2405,31,443643.0,723,80127.0,13.5,No,C
APP_2406,57,600378.0,427,160881.0,20.8,No,2
APP_2407,58,629007.0,537,8567.0,39.2,No,1
APP_2408,39,583086.0,654,79796.0,27.9,No,X
APP_2409,28,725756.0,411,162816.0,26.9,No,0
APP_2410,40,301979.0,745,46444.0,9.6,No,X
APP_2411,18,503184.0,642,37741.0,29.7,No,X
APP_2412,63,229530.0,444,91905.0,30.0,No,0
APP_2413,54,398402.0,364,178178.0,12.7,No,0
APP_2414,38,480951.0,546,68109.0,19.3,No,2
APP_2415,43,655289.0,789,279108.0,11.8,No,C
APP_2416,63,1532885.0,738,325055.0,10.3,No,C
APP_2417,53,593064.0,405,165273.0,1.0,No,C
APP_2418,71,792447.0,480,373084.0,11.4,No,0
APP_2419,40,497591.0,483,205244.0,22.2,No,C
APP_2420,74,632433.0,525,280050.0,0.1,No,0
APP_2421,18,213108.0,388,16040.0,11.3,No,C
APP_2422,71,312100.0,829,11968.0,35.3,No,C
APP_2423,72,382134.0,670,187770.0,23.7,No,X
APP_2424,68,467817.0,698,99790.0,24.3,No,C
APP_2425,57,201026.0,405,31829.0,16.1,No,0
APP_2426,32,247883.0,570,98802.0,27.1,No,X
APP_2427,38,325840.0,802,149896.0,7.6,No,C
APP_2428,64,1781550.0,824,845112.0,32.7,Yes,3
APP_2429,26,361121.0,331,62762.0,4.7,No,0
APP_2430,70,476037.0,692,223126.0,26.2,No,0
APP_2431,26,278225.0,339,6264.0,13.6,No,0
APP_2432,27,604625.0,517,16515.0,29.9,No,0
APP_2433,69,328254.0,381,112570.0,22.0,No,X
APP_2434,74,284365.0,500,9870.0,18.1,No,X
APP_2435,70,507084.0,746,90532.0,6.8,Yes,0
APP_2436,43,182484.0,727,67522.0,25.5,No,C
APP_2437,58,183462.0,337,34032.0,39.0,No,X
APP_2438,52,291271.0,510,28772.0,33.0,No,X
APP_2439,69,196836.0,743,30459.0,2.4,No,1
APP_2440,42,231443.0,626,58246.0,15.0,No,0
APP_2441,43,366206.0,526,95749.0,37.0,No,X
APP_2442,28,910103.0,347,391936.0,20.1,No,X
APP_2443,55,561936.0,317,231846.0,26.5,No,0
APP_2444,19,503464.0,738,126495.0,36.5,No,C
APP_2445,24,336337.0,486,156436.0,35.0,No,5
APP_2446,35,1388085.0,644,87214.0,20.1,No,X
APP_2447,44,407638.0,523,57251.0,17.5,No,C
APP_2448,51,221004.0,787,100643.0,13.6,No,1
APP_2449,44,611952.0,528,127223.0,28.8,No,0
APP_2450,34,234385.0,689,126486.0,11.5,No,X
APP_2451,60,370557.0,888,95025.0,10.0,No,C
APP_2452,61,498637.0,487,217189.0,14.2,No,1
APP_2453,68,1112958.0,569,246263.0,7.1,No,0
APP_2454,71,486145.0,609,113624.0,27.8,No,0
APP_2455,41,725189.0,431,152714.0,24.6,No,C
APP_2456,42,2401207.0,850,949657.0,19.3,No,X
APP_2457,24,243439.0,371,73308.0,15.6,No,3
APP_2458,69,324546.0,486,168465.0,36.4,No,1
APP_2459,23,405822.0,785,55999.0,1.2,No,C
APP_2460,70,426548.0,490,23592.0,30.8,No,0
APP_2461,41,418214.0,721,90457.0,36.1,No,X
APP_2462,50,1251786.0,419,424596.0,17.9,No,C
APP_2463,66,743345.0,519,351929.0,22.0,No,0
APP_2464,46,601313.0,352,114495.0,37.8,No,0
APP_2465,60,346570.0,750,124620.0,8.5,No,C
APP_2466,39,961236.0,711,185143.0,20.8,No,X
APP_2467,43,1576097.0,536,535039.0,19.0,No,C
APP_2468,45,954665.0,705,464582.0,10.3,No,0
APP_2469,67,180705.0,721,22994.0,32.7,No,X
APP_2470,38,635267.0,546,141241.0,36.0,No,0
APP_2471,66,203620.0,371,111237.0,31.3,No,0
APP_2472,24,314045.0,484,150021.0,7.8,No,1
APP_2473,34,207616.0,305,64476.0,3.5,No,X
APP_2474,37,596621.0,505,169527.0,24.2,No,C
APP_2475,58,702109.0,843,109901.0,2.3,Yes,0
APP_2476,66,234715.0,686,66768.0,26.9,No,X
APP_2477,37,397911.0,375,185625.0,21.2,No,0
APP_2478,71,454158.0,476,171148.0,26.5,No,1
APP_2479,39,387240.0,648,61774.0,23.6,No,1
APP_2480,45,238049.0,554,26377.0,16.9,No,0
APP_2481,57,424312.0,607,61892.0,8.0,No,C
APP_2482,66,805958.0,644,75250.0,12.2,No,X
APP_2483,24,213145.0,426,11212.0,21.0,No,0
APP_2484,18,217610.0,586,50164.0,26.1,No,1
APP_2485,49,377168.0,895,23503.0,31.2,No,C
APP_2486,30,1459167.0,786,137967.0,30.7,Yes,1
APP_2487,47,676956.0,682,203783.0,38.9,No,C
APP_2488,40,690879.0,705,62545.0,11.4,No,C
APP_2489,68,382181.0,687,13428.0,2.8,No,C
APP_2490,73,585255.0,824,102164.0,13.8,No,X
APP_2491,36,184582.0,856,22367.0,29.7,Yes,2
APP_2492,49,634889.0,575,179939.0,17.5,No,0
APP_2493,47,1280318.0,799,72084.0,32.7,No,X
APP_2494,46,606703.0,636,250856.0,22.0,No,C
APP_2495,66,1111088.0,780,553798.0,37.2,No,0
APP_2496,62,759266.0,572,310456.0,37.9,No,0
APP_2497,46,237811.0,357,69692.0,2.8,No,0
APP_2498,47,1227341.0,627,580983.0,18.3,No,0
APP_2499,33,210939.0,408,80622.0,24.4,No,C
